PRIMARY_SAMPLE_UNIT,YEAR,STATION_NR,DEPTH,MAX_HARD_RELIEF,MAX_SOFT_RELIEF,AVG_HARD_RELIEF,PCT_SAND,PCT_HARD_BOTTOM,PCT_RUBBLE,PCT_CORAL,PCT_OCTO,PCT_SPONGE,LAT_DEGREES,LON_DEGREES
1000,2017,1,2.286,2.15,0.4,0.737625,50,50,0,7,2,3.5,17.7895,-64.62008
1011,2017,1,10.9728,1.35,0.6,0.5905,40,47.5,12.5,7,10.5,1.5,17.78448,-64.61262
1012,2017,1,25.4508,1.25,0.95,0.592125,2.5,97.5,0,30,12.5,10,17.71263,-64.56859
1014,2017,1,27.8892,0.9,1.55,0.41225,4,95,1,21.5,18,8.5,17.73606,-64.53035
1015,2017,1,19.812,1.5,1.625,0.4775,0,100,0,15,11.5,5,17.76156,-64.50001
1016,2017,1,21.4884,0.525,1.2,0.185,4,95,1,15,17.5,10,17.76191,-64.5005
1017,2017,1,24.9936,2.75,1.35,0.981875,2.5,97.5,0,13.5,7.5,4,17.76616,-64.49597
1018,2017,1,16.4592,1.6,0.95,0.43325,17.5,82.5,0,8.5,7,11.5,17.74224,-64.89974
1020,2017,1,18.8976,1.8,1.05,0.683,16,79,5,12.5,7.5,10,17.77099,-64.81931
1021,2017,1,19.5072,1.55,1.35,0.61125,10,85,5,11,27.5,9,17.77793,-64.67764
1023,2017,1,14.1732,1.45,0.975,0.51,10,90,0,10,5,7.5,17.78533,-64.76053
1024,2017,1,21.7932,0.8,1.45,0.39625,2.5,97.5,0,9.5,8.5,8,17.78686,-64.75798
1025,2017,1,21.4884,1.6,0.8,0.8665,11.5,79.5,9,5,5,6.5,17.63772,-64.86058
1026,2017,1,19.6596,2.35,0.725,0.831125,10,77.5,12.5,9,6.5,7.5,17.64588,-64.8119
1027,2017,1,17.9832,1.725,0.9,0.6080625,5,80,15,8,6.5,8,17.64678,-64.80884
1032,2017,1,26.8224,0.725,0.775,0.28625,6,93,1,3,3,6,17.66703,-64.75954
1033,2017,1,27.1272,0.51,1.3,0.25375,1,98.5,0.5,2,12.5,9,17.69822,-64.62501
1034,2017,1,28.6512,0.9,0.8,0.72125,4,96,0,27.5,10,3.5,17.80351,-64.55044
1035,2017,1,27.7368,0.475,1.5,0.1145,3.5,94,2.5,4,32.5,13.5,17.817,-64.43281
1036,2017,1,25.908,0.5,0.975,0.129,3.5,96.5,0,4,5,5,17.81687,-64.43145
1039,2017,1,28.8036,5.85,1.35,2.67025,12.5,87.5,0,20,4.5,5.5,17.7843,-64.75804
1041,2017,1,22.7076,3.4,0.775,1.1105,25,72.5,2.5,7,2.5,4.5,17.66377,-64.7722
1043,2017,1,17.0688,1.275,1.5,0.36375,55,42.5,2.5,16,53,7,17.77786,-64.59504
1044,2017,1,11.1252,1.625,1.475,0.5153125,7.5,62.5,30,5,17.5,7.5,17.77971,-64.5946
1045,2017,1,15.5448,1.4,1.45,0.262,57.5,32.5,10,35,10,10,17.7826,-64.60163
1046,2017,1,14.6304,1.9,1.525,0.82625,25,74,1,25,15,3,17.78303,-64.61217
1047,2017,1,13.5636,1.6,2.1,0.32375,45,45,10,30,15,7.5,17.78316,-64.60086
1048,2017,1,13.4112,1.4,1.365,0.393,32.5,27.5,40,20,34,1,17.78859,-64.60176
1049,2017,1,12.4968,1.25,1.475,0.255,0.5,62,37.5,22.5,25,2.5,17.78863,-64.60076
1050,2017,1,12.4968,1.3,1.49,0.395,6,41.5,52.5,20,17.5,3,17.78908,-64.59941
1051,2017,1,12.6492,1.55,1.85,0.536875,45,37.5,17.5,3.5,13.5,1.5,17.79036,-64.60451
1052,2017,1,12.3444,9.5,1.95,2.9955,12.5,75,12.5,13,9,2.5,17.79487,-64.61732
1053,2017,1,13.4112,4,1.9,1.08725,20,55,25,12,14,1.5,17.79486,-64.61455
1055,2017,1,24.5364,0.65,1.755,0.47125,0,97.5,2.5,71,5,4,17.77413,-64.521
1056,2017,1,25.908,3.25,1.75,1.361,20,75,5,30,15,10,17.7676,-64.51292
1057,2017,1,26.2128,3.25,1.35,0.967,30,60,10,25,17.5,10,17.76914,-64.51071
1059,2017,1,13.716,0.35,0.65,0.10375,0,98.5,1.5,1,0,0.5,17.68062,-64.71816
1060,2017,1,17.9832,0.7,0.25,0.1,96.5,1.5,2,10,0,15,17.68103,-64.7205
1061,2017,1,12.0396,0.45,1.35,0.2125,5,87.5,7.5,3.5,40,7.5,17.77673,-64.61624
1062,2017,1,14.478,0.95,1.45,0.237,42.5,50,7.5,6,34,3.5,17.7802,-64.61233
1063,2017,1,11.5824,1,0.825,0.28025,15,80,5,7.5,8.5,4,17.78242,-64.58576
1064,2017,1,12.954,1.1,1.8,0.43225,30,52.5,17.5,10,32.5,3,17.78327,-64.59508
1065,2017,1,17.3736,0.5,0.85,0.1475,7.5,75,17.5,6,10,12.5,17.78883,-64.57738
1066,2017,1,18.288,0.3,0.7,0.125,0,100,0,1,7,7,17.79655,-64.5773
1067,2017,1,12.3444,0.575,1.35,0.179,5,92.5,2.5,6,20,2,17.79684,-64.58679
1068,2017,1,16.6116,0.9,1.3,0.24575,0,99.5,0.5,5.5,37.5,2,17.79974,-64.58721
1069,2017,1,13.716,1.15,1.25,0.184,17.5,82.5,0,3.5,7.5,6,17.80048,-64.59424
1070,2017,1,12.192,1.1,1.75,0.62375,7.5,87.5,5,3.5,15,3.5,17.80342,-64.60758
1071,2017,1,13.1064,0.45,1.25,0.15375,0,100,0,8.5,25,6.5,17.8078,-64.62704
1072,2017,1,22.7076,0.825,1.375,0.2625,25,72.5,2.5,10,15,12.5,17.80883,-64.62699
1073,2017,1,26.9748,0.75,1.6,0.24375,10,85,5,10,7.5,7.5,17.80876,-64.62172
1074,2017,1,15.6972,0.31,1.725,0.1375,0,100,0,3.5,10,7.5,17.80963,-64.63575
1075,2017,1,21.7932,0.55,0.9,0.19875,0,100,0,0.5,7,12.5,17.69895,-64.62971
1076,2017,1,19.9644,0.275,1,0.25,20,75,5,1,3,4.5,17.7013,-64.63713
1077,2017,1,18.1356,0.35,0.7,0.1025,0,100,0,0.5,2,2.5,17.70898,-64.62505
1085,2017,1,20.7264,0.39,1.7,0.2625,0,96,4,3,22.5,20,17.73736,-64.54403
1086,2017,1,21.6408,0.825,1.225,0.1575,12.5,82.5,5,3,19,12.5,17.74634,-64.53182
1088,2017,1,23.3172,0.45,0.75,0.11875,2.5,95,2.5,3,0,7.5,17.77227,-64.56337
1089,2017,1,25.6032,2.25,1.6,0.50275,27.5,62.5,10,27.5,15,3.5,17.77508,-64.53798
1090,2017,1,20.7264,0.4,0.45,0.11875,40,55,5,6,10,22.5,17.78749,-64.57154
1091,2017,1,23.7744,0.775,1.375,0.33,5,90,5,10,10,3,17.78781,-64.5343
1092,2017,1,18.1356,0.75,1.525,0.2055,0,99,1,17.5,41.5,6,17.79318,-64.55362
1093,2017,1,16.764,0.405,1.15,0.12075,0,95,5,6.5,38.5,12.5,17.79633,-64.55036
1095,2017,1,20.4216,1.05,2.05,0.3375,7.5,72.5,20,12,15,12.5,17.7753,-64.49409
1098,2017,1,20.4216,0.675,2.125,0.26875,2.5,95,2.5,6,10,10.5,17.78643,-64.47695
1099,2017,1,21.4884,0.5,1.95,0.125,15,67.5,17.5,4,12.5,7.5,17.79171,-64.47143
1100,2017,1,17.8308,0.475,1.4,0.125,5,87.5,7.5,4.5,15,13,17.79264,-64.46115
1101,2017,1,22.5552,0.45,1.1,0.12225,6,87.5,6.5,12.5,36.5,13.5,17.79657,-64.52
1104,2017,1,14.9352,0.45,1.55,0.16875,6,92,2,9.5,65,9,17.80056,-64.53642
1105,2017,1,22.7076,0.675,1.725,0.16025,2.5,87.5,10,3,9,4,17.80165,-64.52598
1106,2017,1,13.2588,0.275,1.875,0.10625,1,99,0,3.5,22.5,7.5,17.8016,-64.54086
1107,2017,1,20.8788,1.05,1.7,0.2625,10,82.5,7.5,4.5,7,2.5,17.80533,-64.52651
1108,2017,1,17.6784,0.75,1.15,0.27625,10,87.5,2.5,13,27.5,7,17.80729,-64.52806
1109,2017,1,21.7932,1.75,1.35,0.37875,17.5,80,2.5,7.5,15,4,17.81115,-64.49591
1110,2017,1,17.526,0.8,1.275,0.295,0,67.5,32.5,4.5,16.5,4,17.81464,-64.49993
1111,2017,1,23.3172,0.4,1.3,0.14375,52.5,37.5,10,7.5,25,8,17.81535,-64.47942
1112,2017,1,12.3444,0.45,1.25,0.125,5,90,5,8,13.5,10,17.81903,-64.50109
1113,2017,1,16.3068,0.45,0.7,0.10875,15,30,55,6,11.5,3.5,17.82053,-64.49941
1115,2017,1,18.8976,2.5,0.725,1.146,20,75,5,4.5,0.5,3,17.76724,-64.73035
1119,2017,1,26.67,0.8,1.15,0.35,0,100,0,4.5,15,6.5,17.79189,-64.74884
1120,2017,1,15.6972,1.525,0.8,0.391375,35,40,25,4.5,9,5.5,17.64103,-64.85118
1121,2017,1,13.2588,0.625,0.6,0.129,2.5,96.5,1,3,2.5,4,17.6424,-64.84934
1122,2017,1,19.2024,0.95,0.95,0.2425,40,47.5,12.5,3,9.5,12,17.64457,-64.90317
1124,2017,1,13.4112,0.3,0.48,0.11875,0,95,5,1,1.5,2.5,17.64957,-64.85538
1125,2017,1,26.9748,0.65,0.975,0.2015,45,55,0,1.5,6,14,17.64916,-64.92143
1126,2017,1,17.2212,0.85,0.8,0.20125,5,77.5,17.5,3.5,7.5,4.5,17.65081,-64.80896
1132,2017,1,14.7828,0.55,0.61,0.11325,1,98.5,0.5,1,0,5.5,17.68541,-64.67719
1133,2017,1,16.4592,0.875,0.7,0.2125,15,67,18,0,2.5,2,17.68855,-64.68384
1134,2017,1,17.6784,0.5,2.5,0.1625,17.5,65,17.5,7.5,31.5,6,17.77504,-64.59457
1136,2017,1,11.7348,0.7,0.95,0.22375,35,62.5,2.5,17.5,17.5,5,17.78562,-64.58656
1138,2017,1,25.2984,0.7,1.325,0.325,7.5,85,7.5,2,3,6,17.69783,-64.62761
1140,2017,1,18.7452,0.925,1,0.27775,40,55,5,34,17.5,6,17.77569,-64.57332
1141,2017,1,26.5176,0.65,0.85,0.10875,92.5,5,2.5,30,10,10,17.77849,-64.53334
1142,2017,1,25.2984,2.5,1.8,0.897,10,90,0,35,7.5,7.5,17.78884,-64.49493
1143,2017,1,29.2608,2.25,0.9,1.0405,10,90,0,55,5.5,7,17.79675,-64.47728
1146,2017,1,25.7556,0.775,0.775,0.20175,75,25,0,6.5,11.5,13,17.75257,-64.8955
1149,2017,1,29.2608,0.35,1,0.11875,0,82.5,17.5,1,8,5,17.7907,-64.75179
1151,2017,1,12.8016,0.25,0.45,0.10625,5,94.5,0.5,2.5,0.5,4,17.67053,-64.77865
1163,2017,1,11.43,1.45,0.55,0.54675,17.5,42.5,40,20,5,5,17.76322,-64.72225
1176,2017,1,10.8204,1.275,1.75,0.4831875,12.5,62.5,25,30,35,1,17.78453,-64.6078
1178,2017,1,7.0104,1.5,0.775,0.6525,0,100,0,16,7.5,0.5,17.79313,-64.60405
1179,2017,1,10.2108,3,1.9,0.16,80,17.5,2.5,12.5,25,0.5,17.79567,-64.62544
1180,2017,1,10.9728,2.35,1.75,0.2735,57.5,40,2.5,17,35,3,17.79612,-64.62161
1181,2017,1,9.906,3.45,1.9,0.846,15,64.5,20.5,8,17.5,0.5,17.79649,-64.62453
1182,2017,1,11.1252,1.6,2.1,0.25375,40,45,15,10,32.5,0.5,17.79748,-64.62298
1183,2017,1,7.1628,4,1.15,1.734,17.5,75,7.5,9.5,10,0.5,17.79929,-64.62489
1184,2017,1,4.7244,1.425,1.05,0.35375,0,87.5,12.5,17.5,14.5,0,17.80066,-64.62397
1186,2017,1,3.9624,0.8,0.2,0.20125,70,30,0,20,0,2.5,17.71362,-64.66302
1187,2017,1,4.1148,0.85,0.2,0.3425,10,90,0,3,0.5,0.5,17.71456,-64.66269
1190,2017,1,7.7724,0.85,0.5,0.297,0,99,1,1,2.5,0.5,17.69168,-64.69184
1191,2017,1,8.8392,1.1,1,0.44875,2.5,87.5,10,14.5,24,0.5,17.78006,-64.59409
1192,2017,1,11.43,0.675,1,0.12625,80,10,10,0.5,10,6.5,17.78057,-64.64229
1193,2017,1,10.8204,1.05,1.05,0.15375,3.5,95,1.5,4,29,1,17.78654,-64.58109
1195,2017,1,10.0584,1.25,1.75,0.19225,30,55,15,6,7.5,5,17.78821,-64.58502
1196,2017,1,10.8204,1.625,1.5,0.2990625,25,57.5,17.5,12.5,15,6,17.79052,-64.59243
1197,2017,1,8.5344,1.1,1.05,0.2425,2.5,97.5,0,12.5,32.5,1,17.79232,-64.59326
1198,2017,1,8.382,0.75,1.35,0.2625,30,61.5,8.5,7.5,35,3,17.79469,-64.64099
1199,2017,1,7.4676,1.3,1.1,0.2795,0.5,99.5,0,8.5,25,1,17.79534,-64.6013
1200,2017,1,7.1628,1.625,1.275,0.5809375,2.5,70,27.5,3.5,7,1,17.79941,-64.61351
1201,2017,1,4.2672,1.025,0.5,0.2275,0,90,10,3,4,0.5,17.80098,-64.63195
1203,2017,1,5.7912,1.4,1.05,0.19775,5,95,0,1.5,5.5,1.5,17.80423,-64.62787
1204,2017,1,9.144,0.35,0.35,0.15,2.5,65,32.5,1,1.5,1.5,17.7066,-64.65866
1205,2017,1,5.4864,1.65,0.85,0.51,25,60,15,6,1.5,1,17.71065,-64.66276
1206,2017,1,10.0584,0.7,0.5,0.1575,0,100,0,2,2,2,17.71147,-64.64917
1207,2017,1,5.0292,0.885,0.525,0.25575,6,53.5,40.5,1,1.5,1,17.72153,-64.62972
1208,2017,1,5.4864,0.475,0.26,0.1895,7.5,47,45.5,1,1.5,1.5,17.7215,-64.62848
1210,2017,1,6.096,0.5,1,0.125,0,100,0,8,61,1,17.76788,-64.5974
1211,2017,1,7.9248,0.225,0.425,0.1025,0,95,5,1.5,1,6.5,17.77645,-64.65777
1212,2017,1,9.144,0.285,0.41,0.1025,64.5,1,34.5,0.5,2,1,17.77781,-64.6502
1213,2017,1,10.3632,0.5,1.1,0.11075,0,100,0,5,12.5,3.5,17.78062,-64.57712
1214,2017,1,8.9916,0.6,1.15,0.1315,19,77.5,3.5,6.5,21,5.5,17.78099,-64.65493
1215,2017,1,11.2776,0.25,1.05,0.1025,2,94,4,4,47.5,13.5,17.82393,-64.48649
1216,2017,1,11.1252,0.4,1.05,0.11025,0.5,99.5,0,7.5,50,12.5,17.82445,-64.4851
1217,2017,1,1.9812,0.525,0.675,0.21875,20,80,0,1.5,1,3,17.68795,-64.89731
1218,2017,1,2.7432,0.7,1.125,0.18325,47.5,52.5,0,0.5,3,1.5,17.71923,-64.88526
1221,2017,1,5.1816,0.325,0.85,0.1375,0,92.5,7.5,2.5,5,2,17.77346,-64.68312
1222,2017,1,7.3152,0.25,0.3,0.10625,0,100,0,1,2,1,17.78621,-64.75496
1223,2017,1,10.3632,0.275,0.625,0.15,0,100,0,3,5,4.5,17.78908,-64.75253
1224,2017,1,11.2776,0.175,0.3,0.1,67,27.5,5.5,0,0.5,0.5,17.65479,-64.87012
1226,2017,1,8.2296,1.6,0.6,0.79,5,55,40,1.5,2.5,3.5,17.65793,-64.85934
1227,2017,1,11.43,0.225,0.75,0.10625,60,35,5,0.5,2,1.5,17.65879,-64.87339
1228,2017,1,7.3152,0.35,0.25,0.125,10,89,1,1,0,2,17.66135,-64.89191
1229,2017,1,7.1628,0.25,0.15,0.10125,0.5,27,72.5,1.5,0,1,17.66328,-64.82737
1236,2017,1,10.2108,0.135,0.14,0.1,67.5,32.5,0,0,0,0,17.69246,-64.70179
1241,2017,1,5.7912,3.75,1.15,1.49525,30,60,10,7,7.5,2,17.79288,-64.62457
1243,2017,1,4.8768,0.875,0.59,0.1595,5,95,0,1.5,1.5,0.5,17.72732,-64.62457
1246,2017,1,6.2484,0.85,0.6,0.23575,49.5,47.5,3,20,15,4,17.76117,-64.69776
1266,2017,1,9.906,1.55,0.8,0.53175,35,57.5,7.5,10,14,2,17.78267,-64.61785
1274,2017,1,20.8788,1.15,1.35,0.52375,15,85,0,12.5,2,15,17.6948,-64.89686
1277,2017,1,16.764,4.55,0.6,1.144625,22.5,77.5,0,8.5,10,6.5,17.78462,-64.75881
1278,2017,1,17.9832,3.6,0.95,1.34025,32.5,67.5,0,17,13.5,8,17.78538,-64.76102
1291,2017,1,20.4216,1.7,0.575,0.8975,0,100,0,6,3,11,17.74039,-64.89951
1293,2017,1,17.8308,0.35,0.75,0.1375,10,52.5,37.5,1,6.5,3,17.78465,-64.75708
1297,2017,1,12.192,1.6,1.95,0.267,25,50,25,16,40,2,17.78244,-64.59496
1298,2017,1,12.3444,1.6,2,0.41525,20,61.5,18.5,20,30,5,17.78414,-64.60647
1302,2017,1,12.0396,2.25,2.05,0.390625,30,55,15,14,27.5,1,17.79712,-64.61616
1316,2017,1,14.1732,0.475,1.1,0.17825,30,70,0,15,25,7.5,17.80322,-64.63586
1328,2017,1,16.6116,0.825,0.75,0.186,2.5,92.5,5,6.5,16,7.5,17.78754,-64.57629
1348,2017,1,15.8496,0.55,0.7,0.3175,1.5,85,13.5,3,5.5,8.5,17.67743,-64.71623
1349,2017,1,16.1544,0.26,0.51,0.105,46.5,51,2.5,0.5,1,0.5,17.6801,-64.7196
1354,2017,1,13.5636,0.5,0.75,0.20375,22.5,70,7.5,3,8.5,2.5,17.78568,-64.58417
1361,2017,1,11.43,0.825,0.15,0.15,80,20,0,0,0,3,17.70837,-64.88881
1370,2017,1,8.382,5.6,1.45,1.81,2.5,75,22.5,3,16.5,2,17.78486,-64.60428
1379,2017,1,6.5532,1.5,0.5,0.453,5,90,5,1.5,2,1,17.78206,-64.75699
1380,2017,1,4.1148,2.4,0.25,1.36125,12.5,80,7.5,2.5,1,0.5,17.784,-64.75332
1408,2017,1,10.0584,1.25,1.1,0.30875,1,99,0,8,37.5,4,17.79368,-64.58759
1420,2017,1,11.1252,1.175,0.8,0.35375,16,84,0,5.5,2.5,8.5,17.72054,-64.89236
1421,2017,1,10.8204,1.8,0.6,0.49825,27.5,70,2.5,6.5,1.5,8.5,17.72498,-64.89439
1423,2017,1,8.6868,0.625,0.55,0.1975,0,100,0,1.5,3,1,17.78287,-64.75615
1442,2017,1,9.144,0.9,0.7,0.19125,65,22.5,12.5,7.5,25,25,17.77648,-64.8109
1502,2017,1,29.4132,0.5,1,0.1675,62.5,37.5,0,3,7,22.5,17.68897,-64.90258
1503,2017,1,21.336,1.9,0.95,0.4845,45,55,0,6,6.5,10,17.69276,-64.89813
1504,2017,1,8.8392,1.95,0.75,0.606375,37.5,60,2.5,17,3.5,9.5,17.7037,-64.88984
1505,2017,1,6.2484,1.05,0.5,0.25875,42.5,57.5,0,10.5,8,3.5,17.70659,-64.88733
1506,2017,1,14.7828,0.8,0.95,0.37375,0,95,5,2.5,0,20,17.71644,-64.88994
1507,2017,1,14.3256,0.6,0.95,0.3075,5,70,25,1.5,1,15,17.71744,-64.8905
1508,2017,1,2.1336,0.25,0.15,0.1125,15,50,35,0.5,0.5,0,17.72147,-64.88573
1509,2017,1,22.2504,0.85,0.8,0.595,2.5,97.5,0,20,1.5,14,17.73591,-64.89772
1510,2017,1,8.6868,0.95,0.8,0.53,25,75,0,4.5,15.5,7.5,17.73629,-64.89451
1511,2017,1,18.4404,1.15,1.05,0.61125,3.5,96.5,0,13.5,16.5,17.5,17.744,-64.90017
1512,2017,1,24.9936,1.05,1.15,0.304375,5,95,0,1.5,7.5,17.5,17.76844,-64.88428
6000,2017,1,9.2964,1.55,1.05,0.589,5,82.5,12.5,2,20,1,18.31469,-64.68833
6001,2017,1,8.0772,0.5,1.65,0.1625,15,75,10,5.5,70,10,18.32579,-64.80147
6003,2017,1,9.144,6.5,1.5,1.47425,30,50,20,12.5,27.5,10,18.33973,-64.69007
6004,2017,1,2.7432,0.625,0.4,0.195,45,55,0,1.5,0,5,18.35071,-64.69047
6005,2017,1,4.2672,2.6,0.4,0.64425,7.5,62.5,30,2,6,3,18.30777,-64.70144
6006,2017,1,9.4488,5.8,1.15,1.75875,0,100,0,4,8.5,2.5,18.35399,-64.78466
6007,2017,1,4.8768,3.4,0.65,1.55,0,100,0,3,7,10,18.37024,-64.75924
6009,2017,1,7.0104,3.875,0.8,0.6036875,20,80,0,3.5,7.5,4.5,18.29804,-64.8257
6013,2017,1,2.286,1.5,0.85,0.345,15,60,25,11,9.5,1.5,18.35951,-64.86756
6014,2017,1,7.3152,2.75,0.4,1.3025,0,100,0,5.5,7.5,0,18.37718,-64.93007
6015,2017,1,16.3068,0.51,1.05,0.122,1,56.5,42.5,5,8.5,3,18.38013,-65.06458
6016,2017,1,7.1628,2.25,0.575,0.851375,22.5,76.5,1,10,7.5,2.5,18.30544,-64.8653
6018,2017,1,27.5844,1,1.4,0.44275,10,90,0,12.5,8,4.5,18.26901,-64.7264
6019,2017,1,28.956,2.9,0.9,1.09475,7.5,92.5,0,12.5,7,7.5,18.26898,-64.72592
6020,2017,1,26.8224,0.925,1.7,0.2725,0,100,0,1.5,5,2,18.26904,-64.73508
6022,2017,1,26.0604,2,1.55,0.689,30,60,10,7.5,10,5,18.30952,-64.68109
6023,2017,1,28.6512,0.775,1,0.35175,7.5,92.5,0,6.5,2.5,5.5,18.32076,-64.65245
6024,2017,1,19.6596,1.75,1.5,0.594875,25,75,0,3.5,17.5,5,18.32477,-64.6484
6025,2017,1,23.3172,1.5,1.35,0.4795,17.5,80,2.5,4,5,3,18.335,-64.68857
6026,2017,1,21.6408,0.7,1.625,0.211,25,75,0,2.5,32.5,3.5,18.35817,-64.67858
6027,2017,1,17.526,2.8,1.3,1.04975,27.5,70,2.5,4.5,21,2,18.36171,-64.7827
6028,2017,1,11.2776,1.35,1.7,0.411625,2.5,92.5,5,5,20,3.5,18.36241,-64.77879
6029,2017,1,15.5448,2.5,1.5,0.7,0,95,5,27.5,17.5,10,18.36446,-64.77544
6030,2017,1,26.2128,2.1,1.5,0.34075,27.5,52,20.5,4,17.5,4,18.27725,-64.9617
6031,2017,1,19.2024,1.115,0.625,0.37875,27.5,72.5,0,11.5,16,7.5,18.30225,-65.00388
6032,2017,1,24.5364,0.78,0.605,0.1695,50,45,5,6.5,1.5,12.5,18.30214,-64.99927
6033,2017,1,14.9352,1.4,0.925,0.2515,12.5,84,3.5,7.5,3,4.5,18.30657,-64.90177
6034,2017,1,17.2212,1,1.25,0.2405,15,82.5,2.5,7,12.5,2,18.37698,-64.96288
6035,2017,1,16.764,1.275,0.95,0.49375,20,77.5,2.5,14.5,5,4.5,18.30008,-64.83404
6036,2017,1,12.4968,3.5,0.8,1.19625,17.5,77.5,5,30,6,6.5,18.31181,-64.85633
6037,2017,1,29.718,1.6,0.8,0.618,2.5,97.5,0,23,1,2,18.17931,-65.10354
6038,2017,1,29.718,1.35,0.9,0.555625,2.5,97.5,0,27,1,2.5,18.17915,-65.1033
6040,2017,1,28.0416,0.575,1.125,0.15,5,95,0,5.5,8,6,18.1908,-64.73746
6041,2017,1,27.432,0.625,1.25,0.16,3.5,96,0.5,6.5,7,8,18.19413,-64.73676
6042,2017,1,28.0416,2.45,1.35,0.9925,5,95,0,7,7.5,6.5,18.23475,-64.65675
6043,2017,1,28.8036,1.35,1.3,0.5575,3,96.5,0.5,11.5,7.5,3,18.23552,-64.84689
6044,2017,1,29.4132,1.3,1.2,0.56375,0.5,99.5,0,13,9,2.5,18.23649,-64.84802
6045,2017,1,26.3652,0.77,1.335,0.29375,13.5,69,17.5,9,10,6,18.26007,-64.97396
6046,2017,1,23.3172,1.05,1.45,0.18225,27.5,52,20.5,4,9,4,18.2634,-64.89518
6047,2017,1,26.67,1.125,0.675,0.448125,10,90,0,17.5,2,6,18.2644,-64.8888
6048,2017,1,23.9268,0.9,1.1,0.3375,3.5,94,2.5,5,12.5,14,18.29378,-64.79564
6049,2017,1,27.2796,0.8,0.7,0.2975,6.5,92.5,1,11.5,2,2,18.26586,-65.10354
6050,2017,1,27.2796,0.75,1.1,0.3475,15,82.5,2.5,12.5,2,3,18.27265,-65.13972
6051,2017,1,24.6888,0.6,0.7,0.2185,22.5,70,7.5,6.5,0.5,1,18.27842,-65.14078
6052,2017,1,27.7368,1.025,0.7,0.39,1,94,5,13.5,1,1.5,18.28289,-65.14229
6053,2017,1,25.146,0.6,0.55,0.25525,10,80,10,7.5,1,3,18.28382,-65.13102
6054,2017,1,25.7556,0.65,1,0.25375,3,92.5,4.5,9,3.5,4.5,18.2897,-65.1379
6055,2017,1,25.908,0.65,0.625,0.2425,15,72.5,12.5,6.5,1,3.5,18.29405,-65.1397
6056,2017,1,23.1648,0.95,1.25,0.335,5.5,90,4.5,9.5,6,5.5,18.29592,-65.14465
6057,2017,1,23.9268,1.15,1.65,0.27,21,46.5,32.5,30,10,6,18.30691,-65.14498
6058,2017,1,24.9936,0.575,1,0.29375,11.5,85,3.5,36,8,11,18.30704,-65.1337
6059,2017,1,23.9268,0.8,1.3,0.2915,30,67,3,20,9,6,18.31006,-65.1465
6060,2017,1,23.1648,0.3,0.5,0.10625,32.5,17.5,50,1,0.5,15,18.32787,-64.80966
6062,2017,1,27.432,0.2,0.35,0.1,75,17.5,7.5,1,0,9.5,18.33914,-64.8188
6063,2017,1,18.1356,0.35,1.35,0.10625,65,27.5,7.5,1,60,10,18.34479,-64.83426
6064,2017,1,22.098,0.9,0.85,0.235,52.5,37.5,10,5,22.5,9,18.35186,-64.80509
6065,2017,1,21.9456,0.225,0.25,0.10625,45,17.5,37.5,0.5,0,1.5,18.36779,-64.69295
6066,2017,1,23.3172,0.15,0.3,0.1,45,0.5,54.5,5,0,0,18.36828,-64.69179
6067,2017,1,21.7932,1.35,0.4,0.240625,20,7.5,72.5,16,1.5,30,18.36957,-64.69245
6068,2017,1,21.1836,0.6,0.625,0.1415,37.5,23,39.5,1,5,5,18.37008,-64.6964
6070,2017,1,19.9644,0.4,0.45,0.115,52.5,5,42.5,25,7.5,7.5,18.37101,-64.69267
6071,2017,1,22.5552,0.25,0.3,0.10625,60,27.5,12.5,0.5,1,2,18.37067,-64.68557
6073,2017,1,22.5552,0.7,1.15,0.185,12.5,47.5,40,2,31.5,2.5,18.37129,-64.68398
6074,2017,1,26.8224,0.35,0.6,0.10625,15,85,0,2,15.5,4,18.37795,-64.74236
6075,2017,1,17.6784,0.6,1.4,0.196,35,62.5,2.5,9.5,36,15,18.35126,-64.80218
6076,2017,1,21.4884,0.205,1.25,0.1125,5,95,0,0.5,55,15,18.35969,-64.79271
6077,2017,1,22.2504,0.5,0.45,0.135,47.5,7.5,45,1,1,5,18.36214,-64.68942
6079,2017,1,19.2024,0.325,0.3,0.10125,55,0.5,44.5,0,1,2,18.37087,-64.73077
6080,2017,1,20.574,0.355,1.3,0.145,0,100,0,1,25,14.5,18.37075,-64.71908
6081,2017,1,19.812,0.5,0.4,0.11,17.5,5,77.5,1,0.5,3,18.37131,-64.72815
6082,2017,1,20.2692,0.3255,0.3755,0.1075,45,0.5,54.5,0,5,5,18.37225,-64.72795
6084,2017,1,9.4488,0.605,1.25,0.2145,30,60,10,1.5,49.5,6,18.37362,-64.74552
6085,2017,1,26.9748,0.175,0.7,0.10125,42.5,5,52.5,0.5,2,5,18.30175,-64.96889
6086,2017,1,25.146,0.6,1,0.12875,7,92.5,0.5,13.5,32.5,11.5,18.33763,-65.06265
6087,2017,1,25.146,0.6,1,0.19875,10,7.5,82.5,0,0,5,18.34148,-65.05565
6088,2017,1,28.8036,0.49,0.475,0.1075,41,40.5,18.5,0,0.5,6,18.34432,-65.05556
6089,2017,1,20.2692,0.65,0.95,0.1825,27.5,65,7.5,8.5,6,9.5,18.3493,-64.85209
6090,2017,1,19.6596,0.6,1.75,0.3085,37.5,60,2.5,6,18,12.5,18.35123,-64.85762
6092,2017,1,18.7452,0.15,0.15,0.1,12.5,5,82.5,0.5,0.5,3,18.35367,-64.87031
6093,2017,1,28.4988,0.5,0.7,0.11875,2.5,97.5,0,11.5,20,21,18.35865,-64.84563
6094,2017,1,27.5844,1.9,1.15,0.50375,12.5,87.5,0,6,23,4,18.36474,-64.88351
6095,2017,1,26.5176,0.6,1.7,0.16975,32.5,62.5,5,2,27.5,16.5,18.36487,-64.87913
6096,2017,1,25.6032,0.525,1.05,0.16625,0,100,0,11.5,3.5,1.5,18.36965,-65.01575
6097,2017,1,23.1648,0.69,1.3,0.31125,0,99.5,0.5,14,12.5,1,18.37182,-65.02722
6098,2017,1,18.7452,0.65,0.775,0.13525,0,100,0,2,3,4,18.37578,-64.95911
6099,2017,1,28.194,0.325,0.85,0.1075,47.5,52,0.5,0.5,6,2.5,18.37882,-64.88816
6101,2017,1,19.3548,0.65,0.95,0.29775,10,80,10,10,9.5,1.5,18.3845,-64.9889
6102,2017,1,25.908,0.35,0.85,0.2125,2.5,97.5,0,1.5,4.5,6,18.38483,-64.95964
6103,2017,1,24.9936,0.75,1.45,0.2855,0,100,0,16.5,12.5,3.5,18.38587,-64.98812
6105,2017,1,23.622,0.65,1.2,0.20975,1,99,0,4.5,11.5,5.5,18.39212,-64.86327
6106,2017,1,22.5552,0.65,1.5,0.19875,10,80,10,13.5,15,6.5,18.40496,-65.04853
6107,2017,1,25.908,1.605,0.9,0.7574375,5,95,0,12.5,7.5,5,18.29501,-64.75703
6109,2017,1,29.2608,0.95,0.625,0.55625,10,90,0,16,2,3,18.29407,-64.74545
6110,2017,1,26.0604,0.875,1.375,0.34625,5,92,3,4.5,3.5,5.5,18.30114,-64.69199
6111,2017,1,23.622,1.85,1.3,0.962125,3,95,2,30,15,5,18.30188,-64.73372
6113,2017,1,19.2024,0.8,1.65,0.18575,55,45,0,5,38,15,18.35444,-64.83466
6114,2017,1,13.5636,0.9,0.3,0.197,67.5,30,2.5,2.5,2.5,2,18.34933,-64.69992
6115,2017,1,12.192,1.6,0.505,0.49,10,70,20,4.5,1.5,1.5,18.3508,-64.69487
6116,2017,1,15.0876,1.8,1.975,0.727,3.5,89,7.5,8,7.5,2.5,18.35779,-64.77686
6117,2017,1,17.2212,3.5,1.15,1.27525,22.5,77.5,0,4,4,3,18.36237,-64.75802
6118,2017,1,19.9644,3.625,1.125,1.4898125,20,75,5,8,7.5,3.5,18.36735,-64.75844
6119,2017,1,18.8976,0.35,0.7,0.125,25,27.5,47.5,13,1,6.5,18.32541,-64.83038
6120,2017,1,13.1064,0.915,0.78,0.597,2.5,96,1.5,42.5,1.5,10,18.34608,-64.98832
6121,2017,1,12.0396,0.4,0.7,0.1375,12.5,80,7.5,5.5,5,8.5,18.3068,-64.84767
6122,2017,1,14.1732,1,0.9,0.436,15,80,5,15,17.5,22.5,18.30894,-64.85954
6123,2017,1,28.8036,0.45,0.7,0.166,20,77.5,2.5,1,0,2.5,18.27214,-64.84153
6124,2017,1,20.574,0.95,1.05,0.30375,32.5,60,7.5,7.5,4,5,18.27665,-64.84344
6125,2017,1,20.7264,0.55,0.7,0.1425,5,95,0,1.5,2.5,11.5,18.29123,-64.80314
6127,2017,1,29.4132,0.5,0.9,0.175,6,91.5,2.5,1,1.5,5.5,18.27549,-64.70657
6128,2017,1,23.3172,1.025,1.6,0.3155625,5,95,0,1,12,3.5,18.28103,-64.69869
6129,2017,1,21.4884,0.3,1.2,0.26875,2.5,97.5,0,1.5,25,5,18.28161,-64.69806
6130,2017,1,23.9268,0.355,1.25,0.125,10,90,0,0.5,17.5,5.5,18.28246,-64.69087
6131,2017,1,27.1272,0.9,1.55,0.25,15,82.5,2.5,2,27.5,9,18.28477,-64.68302
6134,2017,1,20.4216,2.475,1.1,0.9853125,17.5,75,7.5,6,12.5,4,18.30369,-64.6923
6135,2017,1,20.4216,3.5,1.075,1.167,22.5,67.5,10,3,10,3,18.30645,-64.68592
6136,2017,1,25.7556,1.1,0.8,0.2225,30,65,5,0.5,3,3,18.31897,-64.64056
6137,2017,1,19.05,2.35,1.55,0.630125,30,62.5,7.5,5,14,3,18.32393,-64.67608
6138,2017,1,17.8308,0.8,1.4,0.234,49,47.5,3.5,2.5,48.5,15,18.35547,-64.83408
6139,2017,1,26.5176,0.21,0.9,0.11375,0,100,0,1,37.5,9.5,18.35973,-64.79604
6140,2017,1,11.43,1.15,2.2,0.3775,20,70,10,2.5,21.5,1.5,18.36834,-64.79821
6141,2017,1,20.7264,0.3,1.25,0.125,60,37.5,2.5,1.5,24.5,5,18.3694,-64.68846
6142,2017,1,14.9352,1.125,1.54,0.22025,42.5,47.5,10,7,42.5,2,18.36261,-64.77879
6143,2017,1,12.954,1.8,1.125,0.55225,25,75,0,7.5,12.5,6.5,18.30311,-64.71059
6144,2017,1,14.1732,0.505,1.3,0.19125,35,65,0,3.5,10,6.5,18.31429,-64.73415
6146,2017,1,15.6972,1.2,1.5,0.48525,10,82.5,7.5,5,57.5,7.5,18.35582,-64.78759
6147,2017,1,21.1836,1.45,1.65,0.395125,30,65,5,6,35,20,18.35997,-64.78625
6148,2017,1,11.8872,1.3,1.6,0.465,6,87.5,6.5,6,17.5,5,18.36967,-64.76204
6149,2017,1,18.1356,1.675,0.775,0.3095625,5,85,10,3,1.5,4,18.2747,-64.88575
6150,2017,1,17.526,1.35,1,0.370375,32.5,60,7.5,10,7.5,16.5,18.30158,-65.01209
6151,2017,1,13.716,0.225,0.775,0.10625,55,37.5,7.5,1.5,15,4,18.30405,-64.82109
6152,2017,1,24.0792,0.6,0.505,0.119,46,44,10,1,0,26,18.30762,-65.01057
6153,2017,1,21.1836,0.2,1,0.1,40,57.5,2.5,1,44.5,14,18.32225,-64.81996
6156,2017,1,17.2212,1.025,1.725,0.411,10,90,0,6,32.5,3.5,18.36261,-64.87663
6159,2017,1,17.9832,1.1,1.4,0.48625,9,90,1,13.5,15.5,3.5,18.39353,-64.91331
6160,2017,1,19.6596,0.5,1.25,0.2875,0,100,0,10,55,10,18.39751,-64.89677
6161,2017,1,13.1064,0.71,0.565,0.2695,4,93,3,5.5,1,4,18.30856,-64.85671
6162,2017,1,14.478,0.725,0.75,0.11975,55,40,5,5,3,20,18.30995,-64.84431
6163,2017,1,20.8788,0.075,0.25,0.1,85,3.5,11.5,1,0.5,1.5,18.32151,-64.83234
6164,2017,1,26.9748,0.25,0.475,0.1025,0,12.5,87.5,0.5,0.5,3,18.28398,-64.81492
6165,2017,1,26.5176,0.4,0.625,0.1075,52.5,17.5,30,1,1,5,18.29037,-64.80698
6167,2017,1,27.8892,0.55,0.5,0.1975,25,67.5,7.5,2,0.5,6,18.29947,-64.69217
6168,2017,1,29.718,0.9,0.4,0.1715,15,65,20,0,1,3.5,18.31066,-64.65932
6169,2017,1,11.8872,0.75,0.825,0.51275,15,85,0,2,20,2,18.31504,-64.69862
6170,2017,1,26.9748,0.275,0.375,0.11375,37.5,40,22.5,0.5,6,2.5,18.31519,-64.68393
6171,2017,1,14.9352,2,1.625,0.507,17.5,77.5,5,7.5,10,7.5,18.33285,-64.66449
6173,2017,1,20.2692,9.5,0.4,2.73875,25,70,5,2,10,2.5,18.33465,-64.69319
6175,2017,1,11.5824,1.755,1.505,0.4231875,0,87.5,12.5,5,20,2.5,18.30808,-64.71913
6176,2017,1,13.716,0.95,1.1,0.144,65,27.5,7.5,1.5,37.5,15,18.36346,-64.69557
6177,2017,1,16.764,1.025,1.05,0.34325,22,77.5,0.5,9,21,3.5,18.36386,-64.8947
6179,2017,1,23.0124,3.89,1.535,1.204,22.5,77.5,0,21,6.5,7.5,18.36974,-64.99445
6181,2017,1,17.3736,1.15,0.7,0.30525,47.5,42.5,10,7,3.5,12,18.2991,-64.83288
6182,2017,1,10.9728,0.575,1.2,0.19325,12.5,85,2.5,4.5,24,8.5,18.30662,-64.82552
6183,2017,1,5.9436,2.7,1.1,0.67625,17.5,75,7.5,5.5,7.5,3,18.31693,-64.69948
6184,2017,1,5.0292,2.5,1,0.489,60,32.5,7.5,1.5,5,1,18.33743,-64.66258
6185,2017,1,12.8016,2.75,0.85,1.297125,15,80,5,10.5,22.5,3,18.335,-64.6892
6186,2017,1,12.6492,2.95,1.15,1.542,20,70,10,4,25,2,18.33591,-64.68895
6187,2017,1,5.7912,1.7,1.55,0.72125,2.5,97.5,0,2,57.5,5,18.34187,-64.68916
6188,2017,1,8.0772,2.375,1.3,0.9036875,5,80,15,11,10.5,5,18.34453,-64.68193
6189,2017,1,8.0772,1.95,1.3,0.785875,15,85,0,2,29,9.5,18.31608,-64.737
6191,2017,1,1.6764,0.45,0.8,0.1375,5,90,5,2.5,8,2,18.36418,-64.73107
6192,2017,1,8.2296,0.775,0.5,0.2325,17.5,74,8.5,2,1.5,5,18.2988,-64.81875
6193,2017,1,8.5344,0.875,0.65,0.2305,40,52.5,7.5,8.5,5.5,13.5,18.32857,-64.97172
6194,2017,1,5.7912,1.75,1.15,0.700625,2.5,95,2.5,12,20,4,18.33628,-64.84513
6195,2017,1,3.5052,0.65,0.95,0.224,55,37.5,7.5,5,6.5,10,18.37158,-64.92872
6196,2017,1,2.4384,0.675,0.05,0.22,0,100,0,1,0,0,18.30335,-64.87498
6197,2017,1,12.4968,2.5,0.85,0.87125,22.5,72.5,5,17.5,15,2.5,18.30781,-64.84619
6198,2017,1,2.1336,1.15,0.7,0.4575,6,92,2,8.5,36.5,6,18.32356,-64.83356
6199,2017,1,11.1252,5.5,0.8,2.1075,0.5,94,5.5,3,2.5,2.5,18.23106,-64.85307
6200,2017,1,4.2672,2.8,0.4,0.60625,5,87.5,7.5,2,1,1,18.23283,-64.85319
6201,2017,1,5.0292,1.4,1.3,0.29625,25,67.5,7.5,2.5,11.5,3.5,18.37305,-64.74329
6202,2017,1,5.0292,1.1,1.1,0.329,20,75,5,2.5,8.5,2.5,18.37295,-64.74273
6203,2017,1,11.7348,0.48,0.45,0.13075,75,25,0,5.5,1,47.5,18.32831,-64.95474
6206,2017,1,3.3528,1.1,0.5,0.35575,55,40,5,2,1.5,2.5,18.34711,-64.66856
6207,2017,1,3.2004,0.63,0.55,0.178,50,47.5,2.5,0,0,10,18.35081,-64.69487
6208,2017,1,2.7432,1.05,0.45,0.29475,30,65,5,1.5,0.5,3,18.35139,-64.69294
6209,2017,1,4.1148,1.4,1.5,0.45375,40,55,5,5.5,42.5,8.5,18.34931,-64.67914
6210,2017,1,5.1816,1,0.75,0.278,55,37.5,7.5,5,14,3.5,18.36251,-64.69399
6212,2017,1,12.6492,0.935,0.925,0.3175,2.5,95,2.5,8,2.5,11.5,18.34307,-64.98274
6213,2017,1,7.62,0.375,0.8,0.1325,67.5,30,2.5,2,15.5,7,18.30113,-64.83047
6214,2017,1,1.9812,1.2,0.4,0.3,17.5,80,2.5,3,2.5,1,18.32106,-64.84169
6215,2017,1,10.3632,0.75,1.35,0.2265,24,75,1,5.5,40,5.5,18.35575,-64.83791
6216,2017,1,9.144,1.35,1.65,0.35375,45,55,0,0.5,50,29.5,18.36309,-64.79739
6217,2017,1,8.9916,1.15,1.15,0.341,12.5,85,2.5,2,27.5,3.5,18.34159,-64.68487
6218,2017,1,8.6868,1.25,1.15,0.2815,50,45,5,12,17.5,7.5,18.34524,-64.68397
6219,2017,1,5.7912,2.05,1.3,0.798125,22.5,77.5,0,1.5,30,7.5,18.32096,-64.74699
6222,2017,1,5.6388,1.45,1.65,0.44225,20,65,15,2,16,4,18.35617,-64.76306
6223,2017,1,5.4864,0.7,1.85,0.354,2.5,82.5,15,4,10,3,18.35777,-64.76586
6225,2017,1,6.2484,1.005,1.4,0.2975,0,100,0,2,27,5,18.36146,-64.77109
6226,2017,1,4.7244,0.95,1.1,0.343125,5,75,20,2.5,12.5,3.5,18.36857,-64.75553
6227,2017,1,7.7724,1.525,1.235,0.2810625,10,6.5,83.5,1,0.5,3,18.27585,-64.89687
6228,2017,1,11.5824,0.55,0.45,0.1745,62.5,32.5,5,15.5,2.5,15,18.32472,-64.96563
6229,2017,1,11.8872,1.2,0.925,0.22325,54,40,6,13,4,17.5,18.32765,-64.97366
6231,2017,1,7.0104,0.75,0.525,0.1595,65,27.5,7.5,6,7.5,6.5,18.33492,-64.97612
6232,2017,1,2.8956,0.825,0.875,0.21775,20,80,0,9.5,6,4,18.35669,-64.85403
6233,2017,1,11.43,1.275,0.975,0.54525,3.5,96.5,0,9,50,1,18.36573,-65.00903
6234,2017,1,3.3528,1.21,0.575,0.545,0,99,1,3.5,4,0,18.3797,-64.96581
6235,2017,1,2.5908,0.65,0.7,0.16225,12.5,81.5,6,2,3,1,18.40427,-64.90728
6236,2017,1,9.906,3.5,0.675,0.8985,24,65,11,7,5.5,1.5,18.30152,-64.87688
6237,2017,1,10.5156,0.15,0.35,0.1,37.5,27.5,35,0.5,2,3.5,18.30439,-64.82691
6238,2017,1,2.286,1.5,1.25,0.461,30,60,10,2,39,9.5,18.34555,-64.67998
6239,2017,1,7.9248,1.125,0.625,0.27775,47.5,47.5,5,0.5,4.5,2.5,18.34807,-64.67771
6240,2017,1,11.7348,0.55,0.5,0.29,20,70,10,2.5,6,1.5,18.33822,-64.69098
6241,2017,1,6.858,1.05,0.45,0.153125,62.5,30,7.5,1.5,3.5,1.5,18.35338,-64.69506
6242,2017,1,11.7348,0.725,1.2,0.17725,40,55,5,4,7.5,4,18.31369,-64.75665
6243,2017,1,10.5156,2.55,0.9,0.61575,60,40,0,4.5,25,3.5,18.31436,-64.75747
6244,2017,1,3.6576,0.45,0.35,0.11875,22.5,62.5,15,1.5,1,4,18.34762,-64.78175
6246,2017,1,8.6868,1.3,0.85,0.527,32.5,64,3.5,3,7.5,4,18.36419,-64.93657
6248,2017,1,10.3632,1.35,0.7,0.495125,25,72.5,2.5,13.5,13.5,19,18.31701,-64.83503
6256,2017,1,10.9728,3.05,1.3,1.1545,12.5,87.5,0,6,35,5,18.29946,-64.70415
6258,2017,1,6.7056,2.3,1.1,0.61375,32.5,67.5,0,3.5,20,10,18.31561,-64.72647
6259,2017,1,2.7432,2.4,0.4,0.69125,6,91.5,2.5,7.5,2.5,5,18.31029,-64.96022
6264,2017,1,8.8392,5.5,0.95,1.27,12.5,77.5,10,13,10,7.5,18.30391,-64.84787
6278,2017,1,12.954,1.3,1.3,0.57,7.5,90,2.5,2.5,15,6.5,18.3378,-64.79792
6279,2017,1,16.4592,1.9,1.8,0.9415,5,95,0,8.5,19,3,18.36311,-64.77542
6281,2017,1,19.5072,0.9,0.9,0.1985,45,40,15,1,2.5,10,18.30526,-64.95754
6302,2017,1,20.4216,0.525,0.45,0.15375,25,50,25,1,0,4.5,18.36782,-64.7054
6303,2017,1,16.6116,0.9,0.45,0.11025,25,7.5,67.5,0.5,0.5,1.5,18.36855,-64.71772
6331,2017,1,19.812,3.25,1.15,1.39125,0,99,1,2,2,3,18.36437,-64.77161
6352,2017,1,22.2504,1.55,0.75,0.347125,45,52.5,2.5,8.5,2,9.5,18.34387,-64.79642
6354,2017,1,16.9164,1.375,1.375,0.34,25,65,10,5,15,7.5,18.35666,-64.7948
6356,2017,1,21.1836,0.3,0.55,0.1125,60,20,20,0,0,2.5,18.31254,-65.00014
6360,2017,1,13.4112,0.8,0.9,0.29325,5,95,0,5.5,12.5,2,18.37459,-64.98747
6372,2017,1,19.9644,0.6,1.25,0.17,50,40,10,1,4.5,5.5,18.3547,-64.66897
6379,2017,1,13.8684,0.2,0.55,0.1125,65,5,30,0,0,5,18.30566,-65.00642
6391,2017,1,9.4488,1.65,1.4,0.346375,22.5,65,12.5,8.5,2,3.5,18.36065,-64.75308
6392,2017,1,11.7348,0.8,1.2,0.23375,2.5,95,2.5,4,5.5,3.5,18.36098,-64.76263
6403,2017,1,10.2108,0.45,1.4,0.10825,22.5,77.5,0,2,30,15,18.37338,-64.74074
6404,2017,1,13.2588,0.6,0.7,0.1165,67.5,22.5,10,1,8,6.5,18.37392,-64.74235
6411,2017,1,5.9436,1.35,1.3,0.291875,57.5,42.5,0,7.5,42.5,10,18.36017,-64.80592
6423,2017,1,8.6868,0.8,0.45,0.2475,11,85.5,3.5,6,4.5,8.5,18.31389,-64.859
6426,2017,1,4.2672,1.25,1.3,0.43225,32.5,62.5,5,7.5,34,5.5,18.36555,-64.79974
6430,2017,1,5.0292,1.45,1.6,0.363125,25,57.5,17.5,1.5,22.5,2,18.356,-64.76293
6431,2017,1,5.9436,1,1.05,0.2775,10,75,15,2,7.5,4.5,18.35643,-64.75731
6432,2017,1,10.668,0.6,1.9,0.2575,4,86,10,4.5,16,5,18.36538,-64.77442
6433,2017,1,3.2004,0.95,0.8,0.446,32.5,50,17.5,3,5,3.5,18.36728,-64.72093
6435,2017,1,10.3632,0.7,1.175,0.24025,45,25,30,6,20.5,20,18.3194,-64.98784
6900,2017,1,21.7932,0.5,0.35,0.1225,27.5,60,12.5,0.5,5,15.5,18.32837,-64.80996
4004,2019,1,19.812,1.57,0.805,0.681575,12.5,72.5,15,2.5,2,5,17.64104,-64.83688
4005,2019,1,26.8224,0.77,1.01,0.27375,0,99.5,0.5,8.5,2,5,17.6411,-64.91309
4006,2019,1,12.954,1,1.15,0.31275,5,95,0,2,2,1.5,17.64181,-64.84743
4008,2019,1,13.2588,1.15,0.925,0.64625,5,50.5,44.5,3,2,6.5,17.6433,-64.83978
4009,2019,1,18.8976,3.25,1.4,1.778375,7.5,92.5,0,6.5,7,8.5,17.6431,-64.90264
4010,2019,1,12.6492,0.625,0.675,0.1315,21,77,2,1,1.5,3,17.64521,-64.8303
4012,2019,1,13.716,0.525,0.34,0.2095,0,99.5,0.5,0.5,0,1.5,17.6459,-64.86051
4015,2019,1,15.5448,0.24,0.45,0.1025,35,62.5,2.5,0.5,0,1,17.64945,-64.82524
4016,2019,1,15.0876,0.875,0.305,0.39125,1,96.5,2.5,0,0.5,2.5,17.65014,-64.83957
4018,2019,1,15.6972,0.265,0.33,0.11375,15,49,36,0.5,1.5,2.5,17.65127,-64.81969
4020,2019,1,13.5636,0.45,0.23,0.177,0,90,10,0,0,2,17.65157,-64.83292
4021,2019,1,14.3256,0.43,0.26,0.13375,53.5,44,2.5,0.5,0.5,2,17.65266,-64.89614
4023,2019,1,18.1356,0.925,0.825,0.34125,3,96.5,0.5,3.5,3.5,3.5,17.65466,-64.7881
4027,2019,1,13.2588,0.58,0.105,0.13125,2.5,95,2.5,1.5,0.5,6,17.65548,-64.89798
4028,2019,1,10.8204,0.2,0.225,0.1125,45,52.5,2.5,0,0,0,17.65555,-64.87741
4031,2019,1,8.5344,0.95,0.65,0.23575,15,62.5,22.5,0,0.5,0,17.65734,-64.8411
4033,2019,1,11.1252,0.205,0.325,0.1025,67.5,31.5,1,0,0,1.5,17.65746,-64.87808
4037,2019,1,8.9916,0.8,0.85,0.2425,7.5,87.5,5,0,0,0,17.65784,-64.84088
4038,2019,1,9.144,0.32,0.355,0.105,1,98,1,0,0.5,1,17.65967,-64.88712
4042,2019,1,10.2108,0.215,0.575,0.10125,57.5,40,2.5,0,0.5,1.5,17.66066,-64.87447
4045,2019,1,6.858,0.6,1.15,0.21625,1.5,96,2.5,3.5,8,1.5,17.66149,-64.83624
4048,2019,1,8.382,0.725,0.4,0.23475,20,74,6,0.5,0.5,0.5,17.66477,-64.81955
4050,2019,1,5.0292,0.24,0.15,0.10625,0,100,0,0.5,0.5,5,17.6653,-64.90503
4051,2019,1,4.8768,0.29,0.255,0.11375,7.5,92,0.5,0,0.5,2,17.66639,-64.89037
4052,2019,1,4.4196,0.115,0.11,0.1,0,100,0,1.5,0.5,6.5,17.66663,-64.90527
4053,2019,1,10.9728,0.775,0.825,0.29625,5,70,25,11.5,3,5,17.66877,-64.77544
4057,2019,1,11.8872,0.35,0.475,0.10375,55,42.5,2.5,0,0.5,2,17.67013,-64.78212
4060,2019,1,7.7724,2.3,0.725,0.807,10,89,1,1,1,1.5,17.67043,-64.78349
4063,2019,1,12.4968,0.425,0.265,0.16625,35,62.5,2.5,0.5,1,2,17.67201,-64.76046
4065,2019,1,5.9436,3.4,0.325,1.65625,10,89.5,0.5,1,0.5,0,17.67368,-64.7832
4067,2019,1,10.0584,0.45,0.225,0.16625,37.5,57.5,5,1,0,1.5,17.67429,-64.77181
4069,2019,1,19.05,0.55,0.625,0.2295,27.5,67.5,5,2,6.5,3,17.67567,-64.72521
4070,2019,1,9.7536,0.275,0.4,0.225,10,27.5,62.5,0.5,0,0.5,17.67641,-64.77699
4072,2019,1,4.572,0.7,0.35,0.264,0,95,5,2.5,2.5,1.5,17.67881,-64.78351
4074,2019,1,6.858,0.675,0.4,0.345,7.5,92,0.5,2.5,1.5,2.5,17.67985,-64.77366
4076,2019,1,8.8392,0.85,0.425,0.22775,60,32.5,7.5,6,2,3.5,17.68011,-64.77743
4077,2019,1,15.3924,0.45,0.55,0.12275,5,90,5,1,3.5,3,17.68075,-64.7186
4080,2019,1,6.2484,1.55,0.425,0.746625,0,100,0,8,4,2.5,17.68097,-64.77178
4081,2019,1,4.2672,5.7,0.175,2.09925,10,89,1,1,1,1,17.68168,-64.7699
4083,2019,1,5.1816,2.85,0.325,0.503,10,88.5,1.5,1,0.5,0.5,17.68151,-64.77054
4089,2019,1,7.7724,1.2,1.35,0.36,12.5,85,2.5,2.5,8.5,2,17.68563,-64.71293
4093,2019,1,26.5176,0.45,0.675,0.29375,2.5,97.5,0,1.5,2,4,17.6871,-64.65536
4097,2019,1,12.954,0.425,0.625,0.2125,1,92.5,6.5,0.5,0.5,0.5,17.69511,-64.66777
4105,2019,1,23.3172,0.75,1,0.23,50,45,5,5,9,3.5,17.70471,-64.60534
4107,2019,1,10.2108,0.45,0.35,0.12825,1,54,45,0.5,0.5,1,17.70504,-64.6574
4111,2019,1,9.906,1.05,0.45,0.15775,77.5,17.5,5,1,3,1,17.70902,-64.66946
4112,2019,1,21.4884,0.65,1.225,0.32375,10,87.5,2.5,2,6,5,17.70973,-64.60787
4114,2019,1,23.3172,0.75,1.36,0.34,7.5,92.5,0,6.5,15,3.5,17.71037,-64.57964
4116,2019,1,5.1816,1.7,0.8,0.4175,5,80,15,7.5,18.5,1,17.70991,-64.66596
4118,2019,1,4.8768,2.6,0.65,0.6075,7.5,72.5,20,3,3.5,1.5,17.71025,-64.66316
4119,2019,1,4.1148,0.75,0.35,0.32625,2.5,97.5,0,1.5,1,0,17.71108,-64.65334
4121,2019,1,3.6576,1.8,0.55,0.5765,7.5,87.5,5,2,3,1,17.71135,-64.66845
4124,2019,1,22.4028,0.7,0.8,0.152,22.5,50,27.5,4.5,9,1.5,17.7132,-64.57474
4125,2019,1,1.524,1.25,0.2,0.515,0,75,25,0.5,0.5,1,17.71328,-64.67261
4130,2019,1,3.048,1.2,0.4,0.264,10,45,45,7.5,1,1,17.71487,-64.66204
4135,2019,1,21.4884,0.575,0.825,0.355,17.5,65,17.5,4,4,2.5,17.71711,-64.5884
4137,2019,1,10.8204,0.43,0.25,0.12375,82.5,15,2.5,2,0.5,1.5,17.71475,-64.88821
4140,2019,1,25.2984,1.4,1.25,0.61625,5,48.5,46.5,25,28,6,17.71826,-64.55513
4142,2019,1,14.478,0.8,0.3,0.42575,5,57.5,37.5,1,0.5,0.5,17.71651,-64.88952
4143,2019,1,13.716,0.6,0.25,0.18725,37.5,30,32.5,0.5,0,0,17.71662,-64.88915
4144,2019,1,22.4028,0.7,0.75,0.1925,20,70,10,2,10,4.5,17.72027,-64.57859
4146,2019,1,23.3172,1.05,1.05,0.1765,15,81.5,3.5,2,6.5,5.5,17.7215,-64.56061
4152,2019,1,29.5656,1.175,0.85,0.37675,29,69.5,1.5,25,5.5,8,17.72579,-64.89577
4153,2019,1,7.7724,2.05,0.8,0.250125,4.5,93,2.5,2.5,2.5,1,17.72796,-64.61705
4154,2019,1,25.4508,1.7,1.05,0.28475,12.5,62.5,25,9.5,14.5,2,17.73113,-64.5365
4156,2019,1,16.6116,1.625,0.44,0.7005625,5,90,5,29,8.5,7,17.73168,-64.89635
4157,2019,1,3.9624,0.29,0.125,0.12125,7.5,90.5,2,0.5,0.5,1,17.73191,-64.89044
4158,2019,1,22.098,0.625,1.325,0.32725,5,95,0,7.5,25,4.5,17.736,-64.53224
4160,2019,1,21.6408,0.55,0.85,0.127,25,65,10,4.5,5.5,6,17.73955,-64.54493
4161,2019,1,9.6012,1.55,0.95,0.187375,75,25,0,1.5,9,1.5,17.73929,-64.59795
4162,2019,1,3.048,0.39,0.33,0.14375,5,91,4,2.5,4,3.5,17.73998,-64.89395
4163,2019,1,21.336,0.4,0.975,0.2375,10,81.5,8.5,1.5,5,4.5,17.74309,-64.5516
4164,2019,1,24.0792,1.45,0.85,0.72425,3,97,0,19,11,5.5,17.74064,-64.89966
4165,2019,1,21.1836,0.775,1.05,0.38,20,75,5,12.5,22.5,5,17.74462,-64.52535
4166,2019,1,12.192,1.95,0.7,0.53,7.5,82.5,10,13.5,3.5,6.5,17.74255,-64.89687
4167,2019,1,5.7912,0.8,0.65,0.2275,12.5,85,2.5,1.5,3.5,1.5,17.74544,-64.57195
4171,2019,1,20.2692,0.65,0.8,0.2975,12.5,57.5,30,4,8.5,2.5,17.75018,-64.51874
4176,2019,1,3.6576,1.2,0.15,0.3225,20,57.5,22.5,1.5,0,0,17.75083,-64.70361
4178,2019,1,22.2504,3.15,1.25,1.06625,0,100,0,20,18,7.5,17.75256,-64.5113
4180,2019,1,5.6388,0.325,0.15,0.20625,10,60,30,0,0,0,17.75253,-64.7135
4181,2019,1,22.5552,0.65,0.9,0.2075,15,80,5,4.5,12.5,5.5,17.75453,-64.5316
4182,2019,1,20.8788,1.05,1.15,0.575,2.5,97.5,0,18.5,10,8.5,17.75506,-64.50946
4183,2019,1,22.86,0.55,1.25,0.22825,25,70,5,1.5,2.5,4.5,17.75245,-64.89551
4184,2019,1,23.3172,0.6,1,0.195,7.5,92.5,0,2.5,1.5,4.5,17.75532,-64.55211
4185,2019,1,21.7932,0.475,0.55,0.227,5,92.5,2.5,1.5,5.5,4,17.75554,-64.55321
4187,2019,1,27.432,2.35,1.1,0.95375,2.5,95,2.5,18,15.5,9,17.7564,-64.5061
4188,2019,1,22.098,2.15,1.4,0.70325,7.5,87,5.5,16.5,15.5,2.5,17.75756,-64.50593
4189,2019,1,1.524,0.95,0.35,0.27325,25,70,5,1,15,0.5,17.75697,-64.59544
4194,2019,1,5.1816,1.5,0.65,0.47125,0,100,0,12.5,5,3,17.75921,-64.71274
4197,2019,1,4.4196,1.15,0.9,0.27025,0,100,0,3.5,5,5,17.75879,-64.71079
4198,2019,1,2.5908,2.6,0.4,1.15,5,82.5,12.5,4,1,3,17.75943,-64.68251
4199,2019,1,1.2192,1.1,0.4,0.33,16.5,68.5,15,5.5,1,0.5,17.75957,-64.64106
4200,2019,1,5.9436,1.55,0.365,0.302375,70,20,10,15,5.5,3.5,17.76019,-64.5955
4202,2019,1,3.3528,1.75,0.6,0.454,27.5,65,7.5,6.5,8,1.5,17.76108,-64.5881
4203,2019,1,28.3464,2,1.15,0.65,12.5,82,5.5,19,15,2.5,17.76217,-64.49773
4204,2019,1,23.1648,1.15,1,0.4435,30,65,5,27.5,12.5,7.5,17.76069,-64.70768
4205,2019,1,12.4968,1.35,0.45,0.34,10,50,40,3.5,1.5,2,17.76069,-64.69634
4206,2019,1,2.8956,0.61,0.6,0.2325,0,95,5,11.5,5,2.5,17.76256,-64.57464
4207,2019,1,10.668,0.4,1,0.11875,3.5,96.5,0,3.5,14,3.5,17.76272,-64.56699
4208,2019,1,28.6512,0.55,0.8,0.1365,77.5,19,3.5,4.5,11.5,5.5,17.76426,-64.53259
4209,2019,1,5.0292,1.55,0.95,0.467625,40,60,0,15,17.5,5,17.76269,-64.83577
4213,2019,1,1.2192,0.3,0.15,0.1125,0,100,0,1,0,0.5,17.76449,-64.73169
4214,2019,1,28.4988,0.9,0.95,0.562,15,85,0,32.5,20,12.5,17.76632,-64.51757
4217,2019,1,16.002,3.4,1.2,0.76,26.5,72.5,1,16,15,12,17.76626,-64.60274
4220,2019,1,6.4008,0.975,0.85,0.34,15,65,20,3.5,18,1,17.78298,-64.57951
4221,2019,1,15.5448,0.75,1.4,0.37625,5,45.5,49.5,31,30.5,4,17.76748,-64.60451
4226,2019,1,18.4404,0.75,0.85,0.345,6,90,4,5.5,14.5,4,17.76771,-64.57654
4228,2019,1,26.3652,1.2,0.95,0.598,10,90,0,32.5,27.5,7.5,17.76881,-64.51289
4229,2019,1,25.4508,0.65,1.3,0.1955,55,40,5,2.5,9,7,17.76575,-64.88817
4231,2019,1,25.4508,3,1.2,1.11625,17.5,81,1.5,17,15.5,4,17.76965,-64.51189
4232,2019,1,10.2108,0.45,0.375,0.12625,90,6.5,3.5,1,1.5,3,17.76897,-64.63973
4233,2019,1,25.6032,3.05,1.2,1.178125,7.5,92.5,0,17,15,4,17.76983,-64.51103
4234,2019,1,3.048,1.35,0.2,0.40375,0,100,0,5,1.5,1,17.76863,-64.81971
4235,2019,1,28.8036,0.85,1.65,0.2195,3.5,94,2.5,5.5,7.5,5,17.77189,-64.53489
4237,2019,1,26.2128,1.55,1.7,0.571375,25,75,0,20,22.5,10,17.77134,-64.69017
4238,2019,1,5.4864,0.35,0.5,0.125,2,93,5,1.5,7,7,17.7712,-64.68308
4239,2019,1,16.3068,0.95,1.5,0.29725,17.5,77.5,5,19.5,34,7.5,17.77276,-64.6022
4240,2019,1,25.908,0.875,1.3,0.4525,7.5,92.5,0,30,17.5,5,17.77411,-64.5075
4241,2019,1,28.194,0.7,1,0.3125,12.5,82.5,5,21,22,1.5,17.77448,-64.51484
4243,2019,1,12.192,0.475,1.2,0.15625,0.5,99.5,0,4,30,2.5,17.77579,-64.57994
4245,2019,1,18.288,2.35,1.55,0.595625,30,65,5,17.5,17,4,17.77839,-64.59647
4246,2019,1,25.146,0.725,1.15,0.3125,5,90,5,7.5,16,7.5,17.77962,-64.50991
4247,2019,1,14.7828,1.45,1.95,0.47125,35,37.5,27.5,14,23,3,17.77921,-64.59474
4248,2019,1,28.0416,0.8,1.15,0.44,7.5,90,2.5,44,14.5,6,17.7801,-64.50627
4249,2019,1,27.432,1.1,1.8,0.51725,6,93.5,0.5,45,20,10,17.78,-64.50585
4254,2019,1,29.4132,0.65,0.825,0.3625,3.5,94,2.5,34,15,6.5,17.78049,-64.51886
4259,2019,1,16.1544,2.15,1.4,0.8875,12.5,82.5,5,8.5,20,2.5,17.78082,-64.60853
4262,2019,1,10.9728,1.625,1.75,0.714875,4.5,92.5,3,20,30,2,17.78102,-64.60071
4263,2019,1,22.4028,0.95,1.2,0.1795,50,37.5,12.5,6.5,21,7,17.78103,-64.65827
4264,2019,1,18.1356,1.3,1,0.59,0,70,30,3.5,11.5,3.5,17.78225,-64.48253
4265,2019,1,2.286,1.25,0.2,0.67375,0,100,0,17.5,0,0.5,17.78059,-64.75503
4266,2019,1,2.4384,2,0.15,1.00125,0,100,0,10,1,0.5,17.78059,-64.75428
4270,2019,1,10.8204,0.225,1.35,0.10625,80,12.5,7.5,1,49,15,17.78201,-64.64312
4271,2019,1,12.954,1.55,1.2,0.511375,22,70,8,8,26,2,17.78193,-64.62066
4272,2019,1,12.192,1.4,1.75,0.33125,40,57.5,2.5,11,33,4,17.78231,-64.62018
4275,2019,1,6.096,0.7,0.95,0.14625,87.5,10,2.5,8,16,3,17.7828,-64.62242
4276,2019,1,12.6492,1.55,2,0.5185,20,77.5,2.5,18.5,29,3.5,17.78266,-64.61814
4277,2019,1,11.8872,1.75,1.5,0.404375,32.5,60,7.5,20,13,2.5,17.78269,-64.61774
4278,2019,1,13.4112,1.4,1.8,0.51125,22.5,67.5,10,9,25,3.5,17.78256,-64.61456
4279,2019,1,14.3256,1.4,1.85,0.419,37.5,50,12.5,7.5,10.5,1,17.78258,-64.60311
4280,2019,1,14.7828,1.405,0.905,0.2680125,45,30,25,11,12.5,5,17.78296,-64.58238
4281,2019,1,11.1252,0.75,1.05,0.36,4,95,1,5,24,1,17.78298,-64.57951
4287,2019,1,4.2672,1.55,1.2,0.277625,30,67.5,2.5,7.5,10,2,17.78308,-64.61913
4288,2019,1,12.6492,2.8,0.9,1.0225,5,92.5,2.5,17.5,15.5,6.5,17.78325,-64.61489
4290,2019,1,12.3444,1.15,1.5,0.444,17.5,37.5,45,5,25,2.5,17.78333,-64.59916
4291,2019,1,24.2316,1.75,1,0.72125,1,90,9,19.5,10,4.5,17.78438,-64.49544
4294,2019,1,3.5052,1.05,1.1,0.4,0,100,0,13,14,6,17.7835,-64.61559
4295,2019,1,12.6492,2.01,1.4,0.71325,10,65,25,9.5,32.5,1,17.78386,-64.5966
4296,2019,1,6.7056,0.85,1.2,0.34,0,100,0,11,11.5,6,17.7837,-64.59038
4297,2019,1,10.2108,2.25,0.95,0.98625,0,100,0,15,7.5,7.5,17.78384,-64.5885
4298,2019,1,19.5072,1,0.8,0.33,12.5,72.5,15,4,19,2.5,17.78462,-64.51085
4299,2019,1,3.2004,0.8,0.35,0.144,85,14,1,6,8,3,17.78411,-64.61927
4300,2019,1,27.2796,0.95,0.8,0.376,16,80,4,32.5,20,7.5,17.78507,-64.50755
4301,2019,1,19.2024,0.45,0.9,0.225,0,75,25,3.5,13.5,2,17.78498,-64.4827
4307,2019,1,12.192,1.45,0.65,0.419375,39,57.5,3.5,18,20,3,17.78506,-64.61183
4308,2019,1,10.5156,1.45,1.65,0.464375,17.5,55,27.5,7.5,21.5,2,17.78498,-64.60786
4309,2019,1,9.144,6.05,0.9,2.20625,5,92.5,2.5,4,12.5,5,17.78495,-64.60512
4310,2019,1,11.2776,1.35,1.15,0.36875,0,100,0,3.5,7.5,4.5,17.78528,-64.58417
4311,2019,1,26.9748,1.65,0.45,0.42,60,40,0,40.5,2,3.5,17.78556,-64.49838
4312,2019,1,6.096,0.95,0.725,0.1675,0,100,0,4,4.5,6.5,17.78409,-64.75974
4313,2019,1,26.5176,3.2,0.9,1.2525,10,90,0,16,4,3,17.78419,-64.75796
4315,2019,1,13.8684,0.7,0.75,0.2775,12.5,50,37.5,2,6,1.5,17.78558,-64.58372
4316,2019,1,13.8684,3.55,1.1,1.85525,5,95,0,15,15,8,17.78471,-64.75882
4317,2019,1,18.1356,0.35,0.6,0.2,0,35,65,1.5,3,2.5,17.78479,-64.75723
4319,2019,1,6.2484,0.725,0.675,0.192,0,100,0,2,6,2.5,17.7861,-64.59422
4320,2019,1,13.8684,0.575,0.675,0.19125,10,40.5,49.5,3.5,8,3.5,17.78594,-64.58471
4321,2019,1,10.9728,2.05,1.2,0.7425,15,85,0,3.5,10.5,2,17.78674,-64.58526
4322,2019,1,17.8308,3.05,0.75,0.945,15,85,0,19,11,11,17.78541,-64.76117
4323,2019,1,10.8204,1.5,0.8,0.5275,20,80,0,7.5,7.5,7.5,17.78549,-64.75631
4324,2019,1,4.7244,0.3,0.2,0.10625,32.5,20,47.5,0,0.5,0.5,17.78589,-64.62823
4326,2019,1,11.1252,0.55,1.2,0.265,0,100,0,9,14,8.5,17.78591,-64.77821
4327,2019,1,12.4968,0.7,1.15,0.195,0,100,0,10,10,10,17.78733,-64.57936
4328,2019,1,8.8392,0.3,1.2,0.125,0,100,0,2,25,5,17.78202,-64.64311
4329,2019,1,1.6764,1.4,0.25,0.645,0,95,5,18,3.5,3.5,17.78772,-64.61131
4330,2019,1,11.1252,4.25,1.075,1.08,1,99,0,2,10,3.5,17.78775,-64.60079
4331,2019,1,3.6576,1.3,0.6,0.2645,32.5,62.5,5,9.5,3,2,17.78803,-64.61108
4332,2019,1,11.7348,3.8,1.2,0.745,5,65,30,4.5,14,2,17.78828,-64.60705
4333,2019,1,10.8204,0.8,0.825,0.19825,0,100,0,6.5,10,7.5,17.78824,-64.58128
4334,2019,1,15.3924,0.825,1.45,0.36,0,100,0,12.5,22.5,15,17.78707,-64.78228
4339,2019,1,25.7556,0.6,0.95,0.37,0,97.5,2.5,21,10,8,17.78967,-64.51789
4340,2019,1,1.0668,0.2,0.1,0.1,12.5,27.5,60,1,0,0.5,17.78943,-64.62774
4341,2019,1,12.954,1.55,2.05,0.6155,10,90,0,16,25.5,6.5,17.78952,-64.60748
4342,2019,1,13.5636,2.05,1.25,0.418375,10,67.5,22.5,3.5,11.5,4.5,17.78954,-64.60375
4343,2019,1,11.8872,0.675,0.54,0.24275,42.5,20,37.5,2,13,0.5,17.78942,-64.59005
4344,2019,1,13.4112,0.6,1.05,0.185,1.5,93.5,5,2,9.5,4,17.78972,-64.5803
4345,2019,1,25.7556,2.95,1.1,1.2575,7.5,92.5,0,18,10,5,17.7907,-64.48434
4346,2019,1,16.9164,0.9,1.55,0.2625,0,100,0,16,16.5,12.5,17.78876,-64.75593
4348,2019,1,9.906,0.775,0.575,0.1775,60,40,0,5,15,5,17.78958,-64.64516
4349,2019,1,1.9812,0.65,0.2,0.3275,35,37.5,27.5,1.5,0,0,17.79,-64.62645
4351,2019,1,13.5636,1.45,2,0.354375,45,12.5,42.5,3.5,16.5,2,17.79002,-64.60542
4352,2019,1,12.3444,2,1.6,0.725,12.5,82.5,5,6.5,19,3,17.79014,-64.60128
4353,2019,1,13.2588,0.35,1,0.1875,0,100,0,3,12.5,2,17.79024,-64.58068
4355,2019,1,12.3444,0.525,0.8,0.12075,0,100,0,3.5,5.5,1.5,17.78903,-64.74952
4356,2019,1,13.4112,0.575,0.725,0.135,0,100,0,3.5,5.5,3.5,17.78965,-64.74818
4361,2019,1,30.3276,0.35,0.2,0.1375,20,48,32,0.5,2,3,17.79078,-64.75346
4362,2019,1,21.9456,0.4,1.05,0.13125,0,100,0,3.5,11.5,4.5,17.79045,-64.75185
4363,2019,1,18.7452,0.6,0.4,0.1615,0,100,0,1,2,4.5,17.79222,-64.57366
4367,2019,1,15.24,0.5,0.75,0.127,7.5,45.5,47,2.5,18.5,5,17.79377,-64.58212
4368,2019,1,23.622,0.85,1.25,0.33875,25,67.5,7.5,13.5,13.5,2,17.79442,-64.5253
4370,2019,1,7.3152,1.35,0.7,0.369,0,75,25,4.5,8,2.5,17.79452,-64.59843
4371,2019,1,11.5824,1.8,1.6,0.46375,32.5,67.5,0,12.5,20,6,17.79467,-64.62064
4372,2019,1,13.5636,0.85,1.8,0.4575,10,82.5,7.5,3.5,26.5,3,17.79499,-64.58442
4373,2019,1,3.6576,1.6,0.7,0.6975,0,65,35,8.5,3.5,1.5,17.79519,-64.62893
4375,2019,1,12.0396,5.8,1.35,1.725,25,75,0,8.5,12.5,4,17.79576,-64.61312
4376,2019,1,7.7724,2,1,0.77,5,95,0,20,10,3.5,17.7967,-64.60325
4377,2019,1,7.7724,0.45,1.05,0.145,0,100,0,7,17.5,3.5,17.79687,-64.63808
4378,2019,1,23.0124,0.3,0.25,0.1025,0,95,5,1,2.5,2,17.79719,-64.57201
4379,2019,1,6.5532,1.05,0.725,0.29125,0,95,5,4.5,3,2,17.78641,-64.57423
4380,2019,1,19.3548,0.5,0.55,0.11875,42.5,52.5,5,2,11,2,17.79797,-64.57938
4381,2019,1,12.6492,3.4,1.75,0.85825,45,55,0,20,15,12.5,17.79795,-64.61885
4382,2019,1,22.4028,0.425,0.6,0.21125,0,97.5,2.5,2,2,1.5,17.79223,-64.57366
4384,2019,1,13.8684,0.45,0.8,0.185,0,95,5,3.5,17,3,17.79886,-64.54598
4385,2019,1,28.0416,1.1,0.8,0.5075,4,94,2,40,17,15.5,17.79952,-64.47838
4387,2019,1,26.8224,0.5,0.4,0.1725,10,60,30,1.5,4,2.5,17.79922,-64.55908
4389,2019,1,23.622,0.4,1.35,0.2375,5,92.5,2.5,4,20,4.5,17.80066,-64.4729
4391,2019,1,19.6596,0.45,1.25,0.1175,2.5,97.5,0,4,24.5,6,17.79989,-64.58586
4392,2019,1,22.5552,0.625,1,0.20075,2.5,95,2.5,2.5,24,2,17.80017,-64.58523
4393,2019,1,23.7744,1.1,1.1,0.32,10,85,5,18,25.5,1.5,17.80148,-64.50202
4395,2019,1,13.716,0.7,1,0.203,2,95.5,2.5,5.5,39,4,17.80149,-64.59765
4396,2019,1,23.0124,0.65,2.05,0.24,0,100,0,7.5,21.5,3.5,17.80133,-64.59182
4397,2019,1,30.3276,0.5,0.9,0.16,7.5,77.5,15,1.5,6,3.5,17.80178,-64.58807
4398,2019,1,23.9268,0.48,0.9,0.16,52.5,27.5,20,18,15,5,17.80166,-64.53139
4399,2019,1,6.858,2.25,1.45,0.787,25,69,6,7,27,3,17.80144,-64.62581
4400,2019,1,14.0208,0.595,1.175,0.20375,1,99,0,7,30,5,17.80196,-64.59848
4401,2019,1,22.7076,1,1.65,0.33625,37.5,35,27.5,6,21.5,2.5,17.80228,-64.59653
4402,2019,1,25.6032,0.8,1.35,0.2925,2.5,90,7.5,6,18,2.5,17.80372,-64.4828
4405,2019,1,22.4028,1.5,1.05,0.465,7.5,85,7.5,16.5,17.5,10,17.80379,-64.52646
4406,2019,1,30.1752,1.125,0.675,0.6775,7.5,90,2.5,31,16.5,3.5,17.80418,-64.54864
4407,2019,1,15.24,1.45,1.7,0.365,10,72.5,17.5,4.5,30,3,17.8041,-64.60476
4408,2019,1,20.8788,0.38,0.7,0.133,3,94,3,3.5,16.5,5,17.80572,-64.45976
4409,2019,1,23.622,0.9,1.2,0.12675,20,40,40,3,21.5,3.5,17.80486,-64.63671
4410,2019,1,14.7828,1.5,1.4,0.45275,2,98,0,5.5,28,2.5,17.80483,-64.60564
4412,2019,1,22.86,0.44,0.9,0.11075,3.5,93.5,3,2.5,9,5.5,17.80612,-64.46411
4413,2019,1,24.5364,0.8,1.35,0.31075,27.5,70,2.5,15,40,7.5,17.80536,-64.60382
4417,2019,1,9.7536,0.5,0.9,0.13125,0.5,99.5,0,2,15,3.5,17.8069,-64.62843
4420,2019,1,18.4404,0.55,1.2,0.1775,0,100,0,2,17,5.5,17.81066,-64.47383
4421,2019,1,25.2984,0.35,1.3,0.1125,0,85,15,3.5,25,7.5,17.81029,-64.63104
4424,2019,1,13.716,0.75,1.15,0.1785,8.5,89,2.5,6.5,16.5,3,17.81231,-64.52782
4426,2019,1,19.05,0.725,1.25,0.185,5,87.5,7.5,2.5,8,11,17.81339,-64.46237
4427,2019,1,12.192,1.2,0.7,0.4525,0,97.5,2.5,7.5,7.5,4.5,17.81418,-64.52119
4428,2019,1,25.7556,0.875,0.95,0.25875,1,99,0,3,12,7.5,17.81526,-64.4322
4430,2019,1,12.3444,0.25,0.5,0.1375,6.5,85,8.5,2.5,8,2,17.82136,-64.49477
4431,2019,1,12.3444,0.65,1,0.17625,10,85,5,2.5,8.5,4,17.82511,-64.48109
4432,2019,1,28.956,0.65,1.55,0.2615,3.5,95.5,1,7,15,8,17.82557,-64.49556
4433,2019,1,25.2984,0.9,1.1,0.23075,0,100,0,7.5,25,22.5,17.82702,-64.43272
4434,2019,1,19.5072,1.24,0.9,0.53275,25,70,5,2,17.5,2,17.82839,-64.47005
4437,2019,1,21.6408,0.815,0.825,0.3925,0,100,0,2,1,1.5,17.63709,-64.87228
4440,2019,1,1.2192,0.85,0.15,0.31,0,100,0,15,2.5,5,17.78372,-64.74928
4441,2019,1,2.4384,1.5,0.2,0.6175,0,100,0,13,1.5,3.5,17.78404,-64.74903
4503,2019,1,10.9728,4.4,1,2.05375,0,100,0,4.5,5.5,1.5,17.78636,-64.60217
4513,2019,1,10.2108,0.85,0.9,0.18625,6,15,79,2.5,10,2,17.79718,-64.60885
4514,2019,1,10.3632,0.525,1.1,0.1515,70,12.5,17.5,3,24.5,0,17.79766,-64.61085
4515,2019,1,8.9916,1.85,1.5,0.357875,55,45,0,18.5,15,1.5,17.79788,-64.62588
4517,2019,1,5.7912,3.5,0.85,0.8275,2.5,87.5,10,2.5,4,1.5,17.79965,-64.62852
4518,2019,1,7.0104,3.5,1.5,0.913,15,85,0,3.5,12.5,1,17.8,-64.62701
5000,2019,1,26.67,0.95,1.15,0.4075,7.5,90,2.5,6,13.5,30.5,18.19621,-64.73571
5001,2019,1,29.1084,0.75,0.8,0.16,5,95,0,7.5,7.5,7.5,18.20091,-64.73222
5002,2019,1,27.7368,0.8,1.05,0.211,1,98.5,0.5,9,12.5,8,18.2051,-64.72388
5003,2019,1,27.8892,0.855,0.8,0.3558875,15.5,59.5,25,4.5,4,4,18.2147,-64.69027
5004,2019,1,29.4132,0.65,0.7,0.1475,2.5,97.5,0,4.5,14.5,6,18.21992,-64.68135
5006,2019,1,29.1084,0.975,0.775,0.16925,0,100,0,2.5,4,6,18.22354,-64.67449
5007,2019,1,25.4508,0.9,1.3,0.288,15,79.5,5.5,3,13,6,18.22446,-64.6716
5008,2019,1,10.2108,5.5,0.6,2.39625,0,100,0,2,7,3.5,18.23255,-64.85398
5009,2019,1,6.096,2.05,0.15,0.79,0,45,55,1,0.5,1,18.23323,-64.85305
5010,2019,1,10.8204,0.975,0.4,0.19725,0,70,30,1,1,2,18.23354,-64.85391
5015,2019,1,27.5844,1.675,0.975,0.874125,11.5,87.5,1,12.5,2,2,18.26175,-64.87662
5016,2019,1,22.2504,0.7,1.6,0.3425,17.5,80,2.5,12.5,10,7.5,18.26307,-64.86844
5017,2019,1,24.9936,0.825,1.125,0.325,10,88.5,1.5,5,4.5,4.5,18.26617,-64.8846
5019,2019,1,26.3652,0.75,1.15,0.215,10,75,15,9.5,7.5,6,18.26937,-64.72871
5021,2019,1,28.8036,1.45,1.05,0.59,12.5,85,2.5,15,12.5,22.5,18.27036,-64.72653
5023,2019,1,26.67,1.075,0.425,0.30325,7.5,87.5,5,4,1.5,5.5,18.26998,-64.84217
5024,2019,1,27.7368,1.8,0.525,0.55725,35,57.5,7.5,3.5,2,3.5,18.27022,-64.84413
5025,2019,1,25.908,0.75,1.75,0.227,60,40,0,7.5,12.5,7.5,18.27144,-64.71993
5026,2019,1,28.8036,1.35,0.675,0.512,0,99.5,0.5,12.5,1,2,18.26785,-65.14981
5027,2019,1,28.6512,1.05,0.45,0.38675,27.5,71.5,1,12.5,1,1.5,18.27621,-64.85122
5030,2019,1,26.5176,0.785,0.7,0.21475,16,81,3,6,1,2,18.27404,-65.1243
5031,2019,1,26.8224,1.325,1.175,0.76125,3,94,3,27.5,4,6.5,18.27859,-64.84209
5032,2019,1,26.8224,1.375,0.825,0.56775,1.5,93.5,5,21,1.5,5,18.27664,-65.10264
5035,2019,1,23.3172,0.7,1.75,0.1975,0,100,0,6,12.5,6.5,18.28118,-64.70088
5037,2019,1,23.0124,0.625,1.85,0.16,2.5,97.5,0,1.5,12,5,18.28191,-64.69487
5039,2019,1,20.574,0.5,1.45,0.25875,14,82.5,3.5,4.5,5.5,4,18.28298,-64.94054
5040,2019,1,26.3652,0.675,1.2,0.27625,1,97,2,19,2,6.5,18.28342,-64.94528
5041,2019,1,24.2316,0.875,0.95,0.33,6,75,19,12.5,4,3.5,18.28234,-65.12389
5042,2019,1,26.8224,0.6,0.4,0.12075,45,10,45,1,0.5,2.5,18.28575,-64.82308
5043,2019,1,24.0792,0.7,0.4,0.12075,2.5,97.5,0,1.5,3,3.5,18.28583,-64.81064
5044,2019,1,11.5824,2.1,0.825,0.63625,2.5,97.5,0,1,2.5,1,18.28346,-65.10177
5045,2019,1,8.0772,5,0.1,1.4275,0,95,5,0.5,0.5,0.5,18.28386,-65.10101
5047,2019,1,24.0792,1.05,0.775,0.335,3.5,95.5,1,18.5,3.5,3.5,18.28506,-64.93923
5050,2019,1,19.05,0.725,0.4,0.12725,5,94.5,0.5,1,1,5.5,18.28653,-64.81485
5051,2019,1,27.2796,0.225,0.275,0.10625,25,0,75,0,0,0,18.2878,-64.80458
5053,2019,1,23.7744,0.6,1.25,0.30875,22.5,77.5,0,65,10,7.5,18.29131,-64.8777
5054,2019,1,20.574,1.275,1.1,0.4865625,7.5,92.5,0,6.5,11.5,5,18.2921,-64.87783
5055,2019,1,25.7556,1.125,0.725,0.5975,11,87,2,20,2.5,3.5,18.29019,-65.10385
5056,2019,1,27.5844,0.45,0.35,0.122,65,10,25,1,1.5,40,18.29493,-64.80584
5061,2019,1,25.4508,1.35,0.7,0.70625,2.5,97.5,0,10,3.5,10,18.29305,-65.14674
5063,2019,1,29.5656,1.6,0.6,0.7035,22.5,70,7.5,13.5,2.5,3,18.29926,-64.75117
5064,2019,1,29.718,0.65,0.8,0.30625,20,65,15,1,9.5,19.5,18.29951,-64.69463
5066,2019,1,27.1272,0.975,0.455,0.535,25,70,5,2,4,6.5,18.29992,-64.69188
5067,2019,1,14.3256,0.4,1.3,0.2,0,100,0,5,30,25,18.29838,-64.88778
5067,2019,,,,,,,,,,,,18.29838,-64.88778
5069,2019,1,29.4132,2.6,0.45,1.2355,17.5,77.5,5,20,6,7.5,18.29937,-64.7512
5072,2019,1,24.2316,0.325,0.275,0.1045,42.5,15,42.5,0,0.5,0.5,18.29889,-64.92374
5073,2019,1,26.3652,0.55,0.65,0.27875,7.5,90,2.5,8,3.5,1,18.29676,-65.14866
5074,2019,1,27.7368,1.95,0.7,0.6745,10,90,0,20.5,3.5,5.5,18.30101,-64.74016
5075,2019,1,19.05,0.45,0.75,0.13125,5,92.5,2.5,3.5,4.5,6.5,18.30146,-64.69008
5076,2019,1,26.0604,0,0.125,0.1,30,0,70,0,0,0,18.30124,-64.79605
5078,2019,1,23.7744,0.935,1.075,0.38875,12.5,82.5,5,15,7.5,6.5,18.29761,-65.14445
5080,2019,1,26.2128,0.75,0.95,0.20125,40,57.5,2.5,1.5,9,17.5,18.30269,-64.69558
5081,2019,1,21.1836,1.225,1.65,0.889375,0,100,0,26.5,9.5,5,18.3035,-64.73555
5083,2019,1,19.05,1.75,1.5,0.54775,25,70,5,5.5,19,9.5,18.30375,-64.6906
5087,2019,1,15.5448,0.625,1.35,0.122,40,60,0,1,27.5,10,18.35396,-64.80828
5088,2019,1,12.192,1.1,0.45,0.32375,35,64,1,8.5,4,7.5,18.304,-64.83697
5089,2019,1,15.24,1,0.8,0.1655,50,42.5,7.5,1,7,12.5,18.30541,-64.71229
5090,2019,1,13.4112,1.4,0.675,0.45075,12.5,84.5,3,9.5,5.5,5.5,18.30417,-64.99591
5093,2019,1,14.7828,0.85,0.45,0.24625,17.5,62.5,20,3,1.5,6,18.30557,-64.84497
5094,2019,1,8.2296,0.1,1.8,0.1,80,5,15,0,80,20,18.30591,-64.823
5094,2019,,,,,,,,,,,,18.30591,-64.823
5096,2019,1,13.2588,9,1.25,2.97,5,85,10,6.5,27.5,20,18.30744,-64.71985
5099,2019,1,13.1064,0.9,0.65,0.257,25,40,35,15,7.5,7.5,18.3069,-64.8466
5100,2019,1,4.4196,0.95,0.5,0.2345,22.5,77.5,0,5,12.5,5,18.30692,-64.82691
5102,2019,1,20.8788,3,0.8,1.06375,5,85,10,27.5,12.5,6.5,18.30777,-64.73936
5105,2019,1,8.2296,4.25,0.7,1.3745,4,83.5,12.5,2,6,9,18.30699,-64.86113
5108,2019,1,14.7828,2.25,0.65,1.124625,2.5,97.5,0,9.5,10,10,18.30707,-64.96676
5111,2019,1,16.3068,2.35,1.75,0.74425,12.5,77.5,10,12.5,30,20,18.30915,-64.73795
5112,2019,1,13.4112,0.575,0.5,0.2975,22.5,65,12.5,5,7.5,8.5,18.30862,-64.85808
5113,2019,1,11.1252,0.625,0.45,0.1615,25,57.5,17.5,1.5,1.5,3.5,18.30873,-64.84516
5114,2019,1,8.2296,1.35,0.775,0.54125,5,70,25,6.5,8,6,18.30987,-64.71704
5116,2019,1,14.3256,1.8,1.05,0.77375,10,90,0,9,18.5,5,18.30926,-64.84304
5118,2019,1,21.4884,0.9,1.55,0.2825,5,87.5,7.5,12,10,4,18.31013,-64.73577
5122,2019,1,26.3652,0.925,0.86,0.44875,10,85,5,10,6,7.5,18.30674,-65.12612
5123,2019,1,22.7076,0.725,1,0.22375,27.5,65,7.5,2,0,14.5,18.30826,-65.01132
5125,2019,1,14.0208,0.95,1.25,0.30625,30,62.5,7.5,10,12.5,5,18.31012,-64.85532
5126,2019,1,18.288,1.4,2,0.585,6.5,91,2.5,11.5,25,16,18.31079,-64.73935
5129,2019,1,10.2108,0.5,0.3,0.12075,5,95,0,2.5,1,2,18.31161,-64.86
5131,2019,1,9.4488,0.95,0.45,0.275,12.5,85,2.5,7.5,1,8.5,18.3122,-64.8548
5132,2019,1,7.0104,1.5,0.4,0.48,12.5,57.5,30,12.5,7.5,12.5,18.31243,-64.84296
5133,2019,1,12.4968,1.15,0.625,0.55125,12.5,87.5,0,13.5,3,3,18.31288,-64.84173
5135,2019,1,4.2672,0.925,0.425,0.2175,35,65,0,1,1,3.5,18.31285,-64.83154
5136,2019,1,8.5344,1.475,0.5,0.2715,2.5,96,1.5,2,1,4,18.31311,-64.84735
5142,2019,1,8.2296,3,1.6,1.02,20,70,10,5,50,20,18.31518,-64.83594
5142,2019,,,,,,,,,,,,18.31518,-64.83594
5143,2019,1,23.9268,0.825,1.15,0.249,30,67.5,2.5,4,7.5,3,18.31341,-65.14034
5144,2019,1,2.1336,0.925,0.65,0.3075,30,70,0,1,3.5,2,18.31669,-64.83684
5145,2019,1,12.8016,0.55,0.6,0.12075,50,25,25,5.5,12.5,15,18.31693,-64.83406
5147,2019,1,3.3528,0.75,0.3,0.1925,50,50,0,1,0.5,1,18.31725,-64.8533
5149,2019,,,,,,,,,,,,18.31739,-64.83159
5149,2019,1,10.3632,1.1,1.8,0.432,30,40,30,5,20,20,18.31739,-64.83159
5152,2019,1,26.0604,0.8,0.875,0.29325,2.5,97.5,0,4,4,5,18.31569,-65.14133
5155,2019,1,2.1336,0.3,0.55,0.18125,32.5,52.5,15,7.5,15,2.5,18.32039,-64.83918
5156,2019,1,11.5824,1.275,0.7,0.4996875,25,75,0,8.5,12.5,3.5,18.32084,-64.83787
5158,2019,1,1.9812,0.3,0.125,0.10625,25,13,62,4,0,0,18.32031,-64.94493
5161,2019,1,1.9812,0.2,0.2,0.1125,60,40,0,1,5,0,18.32161,-64.84222
5162,2019,1,16.002,0.6,0.4,0.18325,32.5,37.5,30,1.5,1,16.5,18.32246,-64.83115
5163,2019,1,18.8976,1.85,0.95,1.15,12.5,87.5,0,3.5,14.5,7,18.32392,-64.64929
5164,2019,1,4.8768,2.1,1,0.92875,4,95.5,0.5,3.5,22.5,3,18.32327,-64.83224
5165,2019,1,23.4696,6.35,0.7,2.774625,17.5,82.5,0,27.5,7,3.5,18.32474,-64.67939
5166,2019,1,27.5844,0.4,0.3,0.1205,95,5,0,0,0,25,18.3222,-64.9869
5167,2019,1,2.5908,0.7,0.35,0.216,25,65,10,1.5,1,4.5,18.32358,-64.83534
5169,2019,1,13.1064,0.825,0.725,0.20325,5,94.5,0.5,4,4.5,5,18.32652,-64.8318
5171,2019,1,25.6032,3,0.8,1.205,15,85,0,20,6,2.5,18.3278,-64.68114
5175,2019,1,6.5532,1.2,0.55,0.36625,35,65,0,3.5,2,7,18.32953,-64.84408
5177,2019,1,8.9916,1.1,0.55,0.5005,15,80,5,8,6,8.5,18.32859,-64.9714
5178,2019,1,2.8956,1.15,0.4,0.5625,5,85,10,3,0.5,5.5,18.32867,-64.96524
5182,2019,1,21.336,1.85,1.15,0.40875,15,80,5,4,6,5.5,18.33353,-64.66028
5183,2019,1,4.4196,1.055,0.85,0.2548875,22.5,27.5,50,3,1.5,1,18.33448,-64.67661
5188,2019,1,6.5532,2.75,1.1,1.24875,2.5,92.5,5,8,10.5,3,18.33613,-64.66216
5195,2019,1,11.1252,0.45,0.7,0.16625,20,70,10,2.5,8,3,18.33817,-64.68954
5197,2019,1,10.3632,1.05,0.955,0.41025,15,80,5,5.5,5.5,2.5,18.3386,-64.69287
5198,2019,1,9.2964,0.55,0.9,0.15375,10,72.5,17.5,2.5,6,4.5,18.33869,-64.69099
5199,2019,1,29.5656,0.3,0.3,0.1125,17.5,80,2.5,1,1,15,18.33851,-64.65443
5201,2019,1,18.1356,1.3,1.15,0.64,0,95,5,9.5,9,5,18.34006,-64.68481
5202,2019,1,6.096,2.75,0.8,0.53875,7.5,92.5,0,4,8,2.5,18.33612,-65.07932
5203,2019,1,5.7912,1.4,0.8,0.555,27.5,60,12.5,4,10.5,1,18.3414,-64.68978
5204,2019,1,3.9624,1.7,0.35,0.5575,7.5,92.5,0,3,0.5,1.5,18.33896,-64.97864
5205,2019,1,2.7432,0.7,0.2,0.3555,32.5,57.5,10,3,0.5,2.5,18.34151,-64.67462
5206,2019,1,10.3632,1.75,1.05,0.369375,42.5,57.5,0,13.5,17.5,10,18.33835,-65.07545
5210,2019,1,14.3256,3.25,1.5,0.543875,15,65,20,15.5,15,4,18.34313,-64.67967
5213,2019,1,17.6784,3.1,1,0.88,7.5,90,2.5,16,7,3,18.344,-64.68122
5214,2019,1,8.5344,0.7,0.95,0.26,10,70,20,6,9.5,5,18.34394,-64.70085
5215,2019,1,3.3528,0.95,0.2,0.32125,15,67.5,17.5,2,3,1.5,18.34386,-64.69389
5216,2019,1,6.4008,5,1.2,1.4325,12.5,72.5,15,5,12,3,18.34404,-64.68362
5218,2019,1,5.7912,1.5,1.1,0.3675,45,45,10,2,12.5,2.5,18.34426,-64.66076
5221,2019,1,5.334,0.25,0.15,0.10625,85,5,10,0.5,2.5,3,18.34413,-64.7892
5224,2019,1,4.8768,1.275,0.95,0.5528125,12.5,77.5,10,2,10,3,18.34545,-64.68666
5226,2019,1,19.2024,0.55,0.275,0.14075,1,79,20,3.5,3,21.5,18.34232,-65.06933
5227,2019,1,20.8788,1.75,0.95,0.6725,35,65,0,15,7.5,12.5,18.34514,-64.79599
5228,2019,1,4.7244,0.55,0.3,0.2525,20,67.5,12.5,2,2.5,6,18.34585,-64.69306
5230,2019,1,5.1816,1.85,1.15,0.95775,15,80,5,6,12,2,18.34619,-64.68567
5232,2019,1,22.7076,2,1.5,0.80325,20,80,0,6.5,6,4.5,18.34685,-64.6521
5235,2019,1,8.5344,2.5,0,1.13,0.5,90,9.5,1,0,4.5,18.36089,-64.81772
5236,2019,1,6.4008,0.75,0.5,0.2925,45,37.5,17.5,2,4,6.5,18.34722,-64.69317
5238,2019,1,2.7432,1.15,0.825,0.6075,7.5,87.5,5,5.5,5.5,5.5,18.34678,-64.68306
5240,2019,1,24.6888,0.1,0.1,0.1,0,10,90,0,0,0,18.34445,-65.05365
5240,2019,,,,,,,,,,,,18.34445,-65.05365
5242,2019,1,11.5824,0.89,0.725,0.32125,27.5,60,12.5,12.5,12.5,10,18.34517,-64.98805
5243,2019,1,4.4196,0.45,0.45,0.15,57.5,37.5,5,6,0,6.5,18.34524,-64.9838
5244,2019,1,6.5532,0.6,1.5,0.13525,1,99,0,4,52.5,5,18.34649,-64.85886
5245,2019,1,1.6764,1.15,0.35,0.332,50,42.5,7.5,17.5,0.5,4.5,18.34787,-64.69319
5247,2019,1,21.9456,0.1,0.3,0.1,0.5,0.5,99,0,0,0,18.34506,-65.05332
5248,2019,1,3.048,1.25,0.125,0.35125,25,72.5,2.5,2,1,1,18.3452,-65.0148
5249,2019,1,10.0584,1.3,0.725,0.47625,7.5,85,7.5,17.5,12.5,7.5,18.3487,-64.70312
5250,2019,1,6.858,0.35,0.275,0.11875,87.5,5,7.5,5,5,7.5,18.34879,-64.67526
5251,2019,1,5.0292,1,0.4,0.24875,7.5,90,2.5,2.5,0.5,2.5,18.34621,-64.98628
5252,2019,1,15.3924,1.05,1.25,0.36,50,50,0,4.5,5,2,18.34888,-64.69945
5253,2019,1,14.9352,4.25,1.75,0.6705,17.5,77.5,5,5,3,4,18.34895,-64.69425
5254,2019,1,7.1628,1,0.95,0.26875,50,35,15,1.5,6.5,5.5,18.34924,-64.70334
5257,2019,1,23.622,0.75,0.45,0.22875,60,40,0,5.5,7.5,13.5,18.34947,-64.80126
5261,2019,1,10.668,2.6,1,1.06,12.5,87.5,0,17.5,20,5,18.35056,-64.67926
5264,2019,1,3.81,0.725,0.8,0.19875,60,25,15,2,7,10,18.35104,-64.69871
5265,2019,1,7.62,1.1,0.65,0.33625,12.5,75,12.5,8,8,5,18.35123,-64.69519
5267,2019,1,8.5344,1.2,0.45,0.38125,20,65,15,7,4.5,5,18.35169,-64.69667
5272,2019,1,17.9832,1.55,1,0.25525,70,22.5,7.5,7,8.5,5.5,18.35165,-64.81258
5273,2019,1,13.8684,1.355,1.505,0.2573875,2.5,92.5,5,2,20,12.5,18.35213,-64.78978
5274,2019,1,3.5052,0.43,0.1,0.14775,15,42.5,42.5,1.5,2,1.5,18.35272,-64.69666
5275,2019,1,26.0604,1.5,0.4,0.5925,45,55,0,2.5,2,3,18.35292,-64.6507
5278,2019,1,5.0292,0.7,0.5,0.3175,30,65,5,3,3.5,4.5,18.35236,-64.76995
5281,2019,1,3.048,2.75,0.35,1.282625,15,80,5,1.5,1,2.5,18.35312,-64.69332
5282,2019,1,16.6116,1.05,1.5,0.4075,12.5,80,7.5,15,12,6.5,18.35225,-64.83119
5284,2019,1,16.9164,0.5,1.6,0.334,15,80,5,1.5,50,13.5,18.35327,-64.80804
5286,2019,1,15.6972,0.8,1.4,0.44,5,92.5,2.5,6.5,27.5,4.5,18.35304,-64.87707
5287,2019,1,15.8496,0.5,1.15,0.14575,12.5,87.5,0,1,27.5,15,18.35378,-64.80805
5288,2019,1,7.9248,0.8,0.65,0.27625,5,65,30,1.5,3.5,3,18.35407,-64.77852
5289,2019,1,19.5072,2.75,1.35,1.2205,12.5,87.5,0,15,20,15,18.34166,-64.79162
5291,2019,1,19.05,0.8,1.4,0.26375,37.5,60,2.5,8.5,22.5,12.5,18.35435,-64.83512
5292,2019,1,21.4884,0.8,0.85,0.2275,65,35,0,3.5,22.5,60,18.35458,-64.8189
5293,2019,1,19.05,1.325,1.525,0.636875,7.5,85,7.5,4,25,10,18.35596,-64.67781
5295,2019,1,2.5908,0.6,0.25,0.22,17.5,30,52.5,2.5,2,2,18.35542,-64.75578
5296,2019,1,21.4884,0.25,0.35,0.10125,2.5,5,92.5,1,1,4.5,18.35489,-64.87332
5297,2019,1,13.5636,0.5,1.7,0.2925,7.5,87.5,5,1,57,15,18.35609,-64.79483
5299,2019,1,3.2004,1.5,0.15,0.51875,2.5,97.5,0,4,1.5,2,18.35607,-64.75687
5300,2019,1,1.3716,0.25,0.2,0.10125,85,15,0,1,0,1.5,18.35626,-64.74826
5301,2019,1,26.67,0.7,1.1,0.119,2.5,97.5,0,1,12,20,18.3566,-64.84384
5302,2019,1,23.0124,0.575,1.25,0.11075,20,80,0,1.5,27.5,17.5,18.35684,-64.7856
5303,2019,1,4.1148,2.5,1.5,0.7015,25,72.5,2.5,9.5,18,7.5,18.3578,-64.68685
5304,2019,1,21.0312,7,0.85,1.09625,3,97,0,10,27.5,10,18.35758,-64.84124
5305,2019,1,13.5636,2.2,1.2,0.8925,2.5,97.5,0,15.5,9,5.5,18.35745,-64.77106
5306,2019,1,24.0792,0.75,1.5,0.3825,5,92.5,2.5,1.5,35,19,18.35693,-64.79994
5307,2019,1,18.4404,0.1,0.15,0.1,5,80,15,1,3,1.5,18.35765,-64.79048
5310,2019,1,9.6012,3.5,0.7,0.97525,0,75,25,6.5,17.5,3.5,18.3573,-64.84726
5311,2019,1,19.05,1,1.55,0.364,22.5,70,7.5,1,35,14.5,18.3582,-64.7962
5313,2019,1,20.2692,1.95,1.45,0.97,15,85,0,11.5,16.5,3,18.35846,-64.78782
5314,2019,1,6.7056,1.05,0.75,0.3225,45,35,20,8,9,3.5,18.3588,-64.80797
5316,2019,1,6.096,1.3,1.6,0.3645,7.5,82.5,10,5,12.5,5,18.35921,-64.81164
5317,2019,1,10.2108,0.75,1.25,0.31125,0,95,5,10,15.5,4,18.35968,-64.75918
5319,2019,1,8.5344,0.95,1.2,0.295,1,96.5,2.5,2,6.5,3.5,18.36018,-64.7612
5320,2019,1,11.1252,1.9,0.6,0.71,0,95,5,3.5,11,3,18.35979,-64.83487
5321,2019,1,5.6388,0.7,1.1,0.22875,0,100,0,3.5,14,2,18.35826,-65.03353
5322,2019,1,3.2004,0.65,0.45,0.127,72.5,20,7.5,12,6,2,18.36073,-64.80513
5323,2019,1,23.0124,0.95,1.55,0.32125,22.5,72.5,5,8,13.5,7,18.36066,-64.78476
5324,2019,1,21.0312,0.85,1.05,0.2625,10,87.5,2.5,3,10.5,6,18.3617,-64.68441
5325,2019,1,7.9248,2.9,0.5,1.03375,0,75,25,1.5,3.5,3.5,18.36093,-64.81731
5326,2019,1,21.0312,6.3,1,2.2625,12.5,87.5,0,16.5,9.5,3.5,18.36136,-64.76777
5327,2019,1,2.7432,0.6,0.85,0.2325,15,80,5,7.5,32.5,7.5,18.36243,-64.70586
5328,2019,1,6.858,1.505,1.65,0.5363125,0.5,99,0.5,2.5,11,3.5,18.36171,-64.77119
5332,2019,1,7.7724,0.4,1,0.12875,85,10,5,1,24.5,11,18.36297,-64.69468
5334,2019,1,20.7264,2.9,0.65,0.6025,3.5,94,2.5,9,24.5,5,18.36328,-64.65954
5335,2019,1,15.8496,1.65,1.2,0.605,2.5,90,7.5,6.5,8.5,1,18.3628,-64.77025
5337,2019,1,18.4404,0.155,0.25,0.1,95,0,5,0,0,0,18.36353,-64.69392
5338,2019,1,5.4864,0.95,0.7,0.25875,0.5,94.5,5,2,6,1.5,18.36276,-64.80892
5339,2019,1,21.6408,1.55,1.15,0.853125,5,90,5,10,15,6,18.36301,-64.78274
5341,2019,1,11.5824,0.275,0.275,0.11875,70,20,10,1,2,2,18.3634,-64.74548
5343,2019,1,21.6408,0.8,0.7,0.2375,20,62.5,17.5,4.5,7.5,8,18.36465,-64.68853
5347,2019,1,19.5072,0.155,1.15,0.1025,50,35,15,1,32.5,10,18.36471,-64.69464
5349,2019,1,2.8956,0.475,0.575,0.135,40,40,20,0.5,5,2.5,18.3649,-64.72755
5350,2019,1,12.3444,3,1.625,0.5545,20,77.5,2.5,6.5,10,7.5,18.36496,-64.72667
5351,2019,1,25.2984,0.55,0.75,0.22,15,84,1,7,20,7.5,18.36378,-64.88008
5352,2019,1,11.43,1,1.1,0.28875,5,80,15,4,9,5,18.36457,-64.8093
5353,2019,1,12.8016,1.325,1.255,0.501875,0,99,1,2.5,13.5,2,18.36292,-65.02037
5354,2019,1,24.0792,1.95,1.1,1.1575,1,98.5,0.5,4,3.5,6.5,18.36336,-65.02853
5355,2019,1,15.6972,0.55,1.4,0.1785,2.5,97.5,0,10.5,10,3,18.36332,-65.02435
5358,2019,1,25.4508,0.625,0.75,0.16025,5,95,0,8,8,5.5,18.36366,-65.03087
5359,2019,1,6.858,0.455,0.405,0.209,47.5,50,2.5,3.5,12.5,12.5,18.36604,-64.8037
5360,2019,1,25.6032,0.8,0.85,0.23125,57.5,37.5,5,2,5,2,18.36637,-64.77414
5362,2019,1,15.8496,0.65,0.45,0.2525,2.5,90,7.5,6,4,2.5,18.36637,-64.76074
5363,2019,1,17.0688,0.35,0.85,0.13125,45,45,10,1.5,9,3,18.36717,-64.68621
5364,2019,1,26.5176,1.2,1.05,0.3205,35,60,5,7,10.5,4.5,18.36677,-64.77773
5365,2019,1,2.5908,1.15,1.35,0.537,24,65,11,7,19,14,18.36704,-64.73352
5366,2019,1,9.144,0.6,1.2,0.22625,5,92.5,2.5,2.5,13.5,6.5,18.36718,-64.72384
5367,2019,1,19.3548,0.2,0.35,0.1,37.5,42.5,20,0.5,0.5,2.5,18.36755,-64.69539
5370,2019,1,9.2964,0.8,0.75,0.27625,20,79.5,0.5,7.5,25,1,18.36522,-65.00958
5371,2019,1,16.1544,0.35,0.255,0.13125,77.5,12.5,10,0.5,2,3,18.36821,-64.71956
5372,2019,1,20.8788,0.45,0.3,0.11625,90,10,0,1,1,1.5,18.36812,-64.70771
5373,2019,1,27.1272,0.2,0.25,0.1,72.5,20,7.5,1,1,1,18.36827,-64.69142
5375,2019,1,26.5176,1.9,0.65,1.02875,17.5,82.5,0,15,5,4,18.36793,-64.77278
5376,2019,1,20.574,0.5,0.55,0.1825,12.5,57.5,30,1,3,3,18.3686,-64.70538
5377,2019,1,17.6784,0.6,0.85,0.19875,5,87.5,7.5,5.5,11,17.5,18.36735,-64.90222
5379,2019,1,25.908,0.15,0.625,0.1,65,0,35,0,0,0,18.36919,-64.69141
5384,2019,1,16.6116,0.95,1.15,0.385,1,98.5,0.5,6,9.5,1.5,18.36764,-65.01245
5385,2019,1,2.7432,2.2,1,0.65625,2.5,90,7.5,3.5,19.5,24.5,18.3701,-64.75266
5386,2019,1,21.9456,0.3,1.15,0.1125,2.5,92.5,5,1,34,5.5,18.37046,-64.71635
5387,2019,1,18.1356,0.905,0.95,0.19375,15,35,50,1.5,16.5,11,18.37045,-64.6871
5388,2019,1,23.7744,0.3,0.5,0.14375,10,45,45,1,1,5,18.37119,-64.6997
5389,2019,1,16.002,0.575,1.305,0.3125,25,65,10,2,30,13,18.37096,-64.6842
5391,2019,1,27.5844,0.55,0.75,0.1145,0,100,0,1,22.5,3.5,18.36972,-64.87875
5392,2019,1,15.3924,0.25,0.75,0.1125,22.5,47.5,30,1,29,2.5,18.37152,-64.69463
5393,2019,1,8.2296,1,1.25,0.34875,5,95,0,7,12.5,12.5,18.36963,-64.93726
5394,2019,1,21.0312,0.3,0.25,0.125,60,25,15,1,2,3,18.37196,-64.7316
5396,2019,1,26.67,0.25,0.2,0.1125,62.5,25,12.5,1,1.5,2,18.37218,-64.68498
5397,2019,1,28.0416,1.625,0.8,0.6639375,17.5,67.5,15,6,3,3.5,18.36898,-65.04202
5398,2019,1,22.86,0.65,0.9,0.15375,20,70,10,3.5,10,7.5,18.37206,-64.72274
5403,2019,1,9.7536,2.65,0.7,0.868125,10,90,0,1,3.5,1.5,18.37235,-64.75175
5404,2019,1,18.288,0.4,0.7,0.16,35,60,5,1.5,8.5,3.5,18.37258,-64.7353
5406,2019,1,17.526,0.65,1.15,0.225,50,30,20,2,18.5,15,18.37276,-64.7518
5407,2019,1,15.3924,0.6,0.85,0.33575,0,95,5,17,7,6,18.37092,-64.99301
5408,2019,1,12.0396,1.1,1.3,0.6095,5.5,89,5.5,16.5,17.5,1,18.37083,-64.99265
5409,2019,1,6.858,2,1.5,0.51175,20,60,20,1.5,34,14.5,18.37321,-64.74704
5412,2019,1,10.8204,0.7,1.7,0.3125,15,77.5,7.5,1,35,14,18.37331,-64.74142
5414,2019,1,22.098,0.875,0.825,0.305,3.5,91.5,5,27.5,6,5,18.37184,-64.99259
5415,2019,1,8.382,0.7,0.45,0.27925,15,85,0,7.5,6.5,10,18.37254,-64.93107
5416,2019,1,17.526,0.3,0.2,0.1375,70,25,5,1,12,4.5,18.3744,-64.74444
5420,2019,1,18.288,0.8,0.75,0.3525,2.5,95,2.5,10.5,12,3.5,18.37321,-64.99168
5421,2019,1,25.4508,0.275,0.325,0.1375,12.5,72.5,15,1,7,12.5,18.37576,-64.74283
5423,2019,1,25.146,0.25,0.8,0.1125,2.5,95,2.5,3,19.5,10,18.37615,-64.74023
5426,2019,1,3.2004,0.35,0.75,0.125,15,60,25,1.5,4,4,18.37464,-64.93342
5427,2019,1,24.6888,0.575,0.625,0.129,25,30,45,0.5,3.5,3,18.37699,-64.73164
5429,2019,1,9.2964,1.7,1.1,0.50375,5,67.5,27.5,4,10,5,18.3769,-64.93736
5432,2019,1,12.0396,1.05,0.975,0.40125,15,82.5,2.5,11,7,3,18.37882,-64.97709
5433,2019,1,4.7244,1.95,0.7,0.61875,5,67.5,27.5,3,5,0,18.37956,-64.93827
5435,2019,1,3.9624,1.4,0.45,0.221,15,77.5,7.5,5,1.5,2,18.38238,-64.97422
5437,2019,1,27.1272,0.475,1.4,0.15025,2.5,97.5,0,4,20,10,18.38283,-65.05736
5445,2019,1,9.6012,0.35,1,0.1225,1,96.5,2.5,5,15,5,18.40246,-64.89965
5450,2019,1,15.5448,2.8,0.7,0.9475,0,100,0,2,5,6,18.40479,-65.05035
5451,2019,1,17.6784,1.45,1.3,0.59,7.5,87.5,5,12.5,15,5,18.40649,-64.91302
5452,2019,1,26.9748,0.35,0.15,0.15625,22.5,17.5,60,2,6,7.5,18.40772,-65.04788
5453,2019,1,14.1732,4.5,0.575,1.825,0,100,0,9,9,4,18.4152,-64.90993
9001,2019,1,27.432,1.6,0.8,0.42125,7.5,90,2.5,15.5,2.5,4.5,18.25424,-64.76896
9002,2019,1,29.1084,1,1.15,0.385,8.5,90,1.5,15.5,7,5.5,18.26874,-64.72695
9003,2019,1,27.5844,0.6,1.05,0.24125,2,98,0,6.5,9,2.5,18.27028,-64.72111
9004,2019,1,27.5844,0.7,1.75,0.41125,7.5,90,2.5,7.5,10,6.5,18.27117,-64.71876
9005,2019,1,27.1272,1.85,0.9,0.575625,10,77.5,12.5,6.5,8.5,5.5,18.27685,-64.96787
9006,2019,1,28.3464,1.7,0.85,0.88625,10,90,0,10.5,11,5.5,18.27984,-64.77939
9007,2019,1,21.1836,1.35,1.25,0.4225,7.5,82.5,10,6.5,11.5,5.5,18.28082,-64.94783
9008,2019,1,28.3464,0.25,0.3,0.10625,27.5,45,27.5,1.5,1,2.5,18.28233,-64.95762
9009,2019,1,26.3652,0.65,0.5,0.355,1,99,0,11.5,2,4,18.28285,-64.94638
9010,2019,1,17.3736,1.1,0.45,0.55,12.5,85,2.5,22.5,1.5,5,18.29706,-64.83201
9011,2019,1,25.6032,1.2,1.05,0.54125,5,95,0,12.5,13,4.5,18.27322,-64.87982
9012,2019,1,29.1084,0.9,1.05,0.44375,7.5,92.5,0,20,8.5,4.5,18.27695,-64.86391
9013,2019,1,22.86,1.3,0.9,0.455,7.5,92.5,0,7.5,4,3.5,18.28146,-64.85756
9014,2019,1,19.2024,1.25,1.15,0.54,7.5,77.5,15,6,14,5,18.28185,-64.91425
9015,2019,1,28.6512,2.35,0.8,0.8875,0,100,0,18,3,3.5,18.28266,-64.92677
9016,2019,1,28.0416,1,0.4,0.38,10,82.5,7.5,1.5,1.5,2,18.28412,-64.82346
9017,2019,1,22.5552,0.5,0.55,0.177,27.5,62.5,10,1.5,1.5,6.5,18.28447,-64.89285
9018,2019,1,24.2316,2.1,0.8,0.74125,5,95,0,8,3,3.5,18.28946,-64.88262
9019,2019,1,20.4216,1.1,0.85,0.53,30,70,0,6.5,9,6,18.2924,-64.88178
9020,2019,1,21.6408,2,0.6,0.72,2.5,97.5,0,18.5,2.5,2.5,18.29307,-64.87802
9021,2019,1,13.2588,2.55,1,0.893125,12.5,80,7.5,7.5,8.5,3,18.27835,-64.88934
9022,2019,1,9.7536,2,0.3,0.6225,35,55,10,2,1.5,2,18.2945,-64.8153
9023,2019,1,11.2776,2,1.1,0.77,5,95,0,4.5,22.5,9.5,18.29514,-64.81211
9024,2019,1,4.572,2.1,0.55,0.75375,7.5,85,7.5,11,4.5,1.5,18.29684,-64.81585
9025,2019,1,7.3152,3.55,0.95,1.6835,7.5,82.5,10,6,11,4,18.29925,-64.82129
9026,2019,1,7.4676,0.4,0.3,0.25,0,97.5,2.5,3,3,7.5,18.30033,-64.82046
9028,2019,1,9.906,5.35,0.65,2.555625,2.5,87.5,10,8,6.5,5,18.30386,-64.84805
9029,2019,1,3.9624,0.45,0.7,0.129,10,82.5,7.5,1.5,3,1.5,18.30695,-64.82721
9030,2019,1,4.8768,0.7,0.4,0.2775,7.5,80,12.5,1.5,1.5,9,18.30691,-64.8236
9031,2019,1,6.4008,1.4,1.05,0.4125,15,67.5,17.5,6,12.5,3,18.29683,-64.81531
9032,2019,1,4.8768,1.5,0.75,0.61375,5,85,10,6,5,4,18.29723,-64.81667
9033,2019,1,10.3632,2.1,0.8,0.82875,10,82.5,7.5,11.5,10,4.5,18.29766,-64.83002
9034,2019,1,12.4968,0.625,1.05,0.22875,10,87.5,2.5,5.5,16.5,6.5,18.29716,-64.82562
9035,2019,1,8.0772,0.75,1.15,0.245,30,65,5,4,12.5,4.5,18.3005,-64.83089
9037,2019,1,12.4968,0.55,0.9,0.2225,5,85,10,8.5,12.5,5,18.30104,-64.83348
9038,2019,1,8.0772,1.3,0.55,0.5625,5,67.5,27.5,3.5,2.5,3.5,18.30506,-64.84585
9040,2019,1,13.4112,1.55,1.35,0.500625,17.5,65,17.5,4,12.5,2.5,18.31439,-64.82277
9050,2019,1,14.0208,0.6,1.15,0.19875,5,87.5,7.5,3,10,7.5,18.29662,-64.82084
9060,2019,1,12.4968,0.75,1.05,0.26125,10,87.5,2.5,4.5,19.5,5,18.30131,-64.83423
9072,2019,1,7.0104,1.05,1.2,0.3425,12.5,72.5,15,6.5,17.5,5.5,18.29706,-64.81573
9075,2019,1,8.382,1.2,0.75,0.395,15,70,15,5.5,10,5.5,18.30072,-64.83079
9076,2019,1,7.9248,0.85,0.75,0.24625,40,52.5,7.5,2,4.5,3,18.30081,-64.83062
9101,2019,1,18.8976,1.65,1.4,0.62375,10,80,10,10.5,10.5,3,17.77625,-64.68324
9102,2019,1,24.0792,2,1.4,0.8525,10,85,5,16,11.5,8,17.77753,-64.68005
9103,2019,1,24.6888,1.5,2.25,0.55925,12.5,82.5,5,13,12.5,3,17.77823,-64.6767
9104,2019,1,24.2316,1.8,1.65,0.99125,5,95,0,15.5,20,12,17.77887,-64.67392
9105,2019,1,18.7452,1,1.2,0.46125,10,82.5,7.5,7,18,3.5,17.78033,-64.66451
9106,2019,1,16.764,1.1,1.4,0.4325,7.5,77.5,15,11.5,16.5,7.5,17.78076,-64.65997
9107,2019,1,12.954,1.7,0.85,0.63375,40,60,0,7.5,15,3.5,17.78223,-64.61984
9108,2019,1,10.5156,1.025,0.725,0.46375,37.5,50,12.5,12,6.5,3,17.78323,-64.61533
9109,2019,1,9.906,1.3,1.1,0.57275,12.5,77.5,10,13.5,12.5,6.5,17.78455,-64.61259
9110,2019,1,28.0416,0.425,1.7,0.144,2.5,97.5,0,1.5,15,5,17.81074,-64.63154
9111,2019,1,12.4968,1,0.75,0.44325,25,72.5,2.5,12.5,24,9,17.76869,-64.61782
9112,2019,1,19.812,2.15,0.8,1.2575,10,90,0,20,16.5,5,17.77641,-64.59288
9113,2019,1,15.3924,1.9,1.9,0.996,15,80,5,18.5,27.5,6.5,17.78169,-64.59877
9115,2019,1,12.8016,2.45,1.5,1.276875,17.5,75,7.5,4.5,16,2.5,17.78318,-64.59455
9117,2019,1,13.1064,1.8,1.8,0.579,32.5,60,7.5,10,30,6,17.78909,-64.60036
9120,2019,1,12.954,1.45,0.8,0.515625,7.5,87.5,5,3.5,31,4,17.7987,-64.59336
9123,2019,1,9.906,2.35,0.625,0.81625,5,85,10,6.5,2,1,17.76474,-64.6135
9124,2019,1,2.286,0.35,0.7,0.1125,0,100,0,3.5,7.5,3,17.76652,-64.64549
9125,2019,1,9.144,0.95,0.65,0.3635,25,57.5,17.5,7,14,2,17.78347,-64.61504
9126,2019,1,9.6012,4.8,0.95,1.76275,25,75,0,3.5,15,2.5,17.78598,-64.60804
9127,2019,1,10.3632,2.4,1.4,1.095,11,89,0,2.5,16,2.5,17.79013,-64.61016
9128,2019,1,2.8956,0.95,0.5,0.3125,17.5,62.5,20,2,6,1,17.78923,-64.63394
9129,2019,1,10.3632,3.4,1.65,1.215,24,76,0,3.5,11,3.5,17.79325,-64.61805
9131,2019,1,11.43,1.45,1.1,0.6575,7.5,82.5,10,9.5,25,4.5,17.78051,-64.59657
9132,2019,1,11.7348,1.7,1.15,0.72275,11.5,75,13.5,2.5,9,3,17.78303,-64.59328
9133,2019,1,9.144,3.8,1.325,1.4825,1,54,45,4,10.5,1.5,17.78489,-64.60127
9134,2019,1,9.906,3.75,0.9,2.02125,0,100,0,6.5,12.5,5,17.78737,-64.60407
9135,2019,1,11.8872,3.85,1.35,1.466875,20,75,5,6.5,15,5,17.78991,-64.60881
9141,2019,1,22.4028,1.7,1.05,0.85,15,85,0,20.5,11,9,17.77566,-64.68509
9142,2019,1,21.9456,1.075,1,0.7025,10,87.5,2.5,5.5,12.5,4,17.77592,-64.68449
9143,2019,1,26.5176,1.85,1.1,1.0305,17.5,82.5,0,21,12.5,7.5,17.77638,-64.68368
9144,2019,1,12.8016,1.5,0.9,0.87375,6.5,91,2.5,4,15,3,17.77768,-64.67726
9145,2019,1,21.7932,1.4,0.9,0.78,7.5,90,2.5,7,13.5,4.5,17.77849,-64.67526
9146,2019,1,14.3256,1.45,1.25,0.79875,2.5,95,2.5,17.5,20,10,17.77816,-64.675
9147,2019,1,11.8872,0.525,0.9,0.32125,10,87.5,2.5,4.5,15,5,17.77964,-64.66693
9149,2019,1,11.43,0.8,1.05,0.31375,10,90,0,8,19,8.5,17.7801,-64.66211
9152,2019,1,17.3736,2.05,1.6,0.96125,0,100,0,15,30,7,17.77565,-64.59181
9153,2019,1,15.5448,1.45,1.4,0.67625,2.5,95,2.5,8.5,24,4.5,17.77903,-64.59604
9154,2019,1,15.5448,1.55,1.8,0.669,25,70,5,9,32.5,6,17.78058,-64.60032
9155,2019,1,11.5824,2.05,0.85,0.957875,16.5,78.5,5,5.5,17.5,3,17.78233,-64.5976
9171,2019,1,11.1252,2.225,1.45,0.84875,10,77.5,12.5,5,21,2,17.78187,-64.596
9172,2019,1,10.0584,3.9,1.05,2.07375,0,100,0,6.5,4.5,1,17.78362,-64.59947
4009,2021,1,17.3736,0.2,0.15,0.10125,17.5,5,77.5,0,0,0,17.64926,-64.88657
4010,2021,1,20.4216,2,0.9,0.8575,7.5,80,12.5,4,7.5,2,17.6503,-64.79798
4017,2021,1,14.3256,0.5,0.8,0.17275,1,99,0,3.5,22.5,4,17.65658,-64.78783
4018,2021,1,12.192,0.125,0.3,0.1,0,100,0,0.5,0,0.5,17.65663,-64.81601
4020,2021,1,14.9352,0.675,1.1,0.203,9,88.5,2.5,2.5,22,5,17.65814,-64.78348
4021,2021,1,13.1064,0.5,0.15,0.15,37.5,62.5,0,0.5,0,0,17.6585,-64.80374
4022,2021,1,18.7452,1,0.8,0.40625,15,82.5,2.5,4,5,2.5,17.66046,-64.77722
4023,2021,1,23.1648,3,0.75,1.03875,10,85,5,6,3.5,5,17.66112,-64.77598
4025,2021,1,12.954,0.9,0.8,0.257,12.5,85,2.5,4,10,3,17.64934,-64.80712
4026,2021,1,25.146,3.5,0.55,1.165,22.5,75,2.5,4,1.5,5.5,17.66192,-64.7741
4027,2021,1,7.3152,0.255,0.05,0.105,0,100,0,0.5,0,1.5,17.66268,-64.8877
4030,2021,1,4.7244,0.2,0.1,0.1125,0,100,0,1,0,1.5,17.6645,-64.88958
4031,2021,1,8.9916,0.225,0.15,0.1125,12.5,87.5,0,0,0,0,17.66714,-64.8011
4032,2021,1,11.5824,1.75,1.5,0.478125,27.5,65,7.5,2,13.5,5,17.66722,-64.77828
4035,2021,1,6.4008,0.155,0.05,0.10125,19,81,0,0,0,0.5,17.67061,-64.82974
4036,2021,1,9.2964,2,0.1,0.655,32.5,65,2.5,1,0.5,0.5,17.67184,-64.78112
4040,2021,1,26.9748,0.5,0.6,0.20625,30,70,0,0.5,6,6.5,17.67477,-64.72437
4041,2021,1,13.8684,0.4,0.275,0.105,70,1,29,0,0,0.5,17.67473,-64.76129
4042,2021,1,24.5364,0.475,0.675,0.23125,10,82.5,7.5,5.5,6,6.5,17.675,-64.72669
4044,2021,1,22.7076,1,0.75,0.43675,7.5,92.5,0,9,1,6.5,17.67571,-64.71211
4048,2021,1,2.286,1.65,0.3,0.529625,37.5,60,2.5,7,0.5,0.5,17.67638,-64.7972
4057,2021,1,8.382,3.75,0.15,0.482,65,35,0,3.5,0,0,17.68014,-64.77214
4063,2021,1,5.0292,2.75,0.125,1.154,22.5,75,2.5,1.5,0,1,17.68164,-64.76991
4072,2021,1,17.8308,0.325,0.3,0.11375,45,27.5,27.5,1,0.5,2,17.68904,-64.67068
4073,2021,1,9.144,2.2,1.8,1.19375,5,90,5,5.5,12,6.5,17.68915,-64.70322
4077,2021,1,14.0208,1.1,0.45,0.33175,22.5,70,7.5,5.5,0.5,3.5,17.69125,-64.67834
4078,2021,1,13.5636,0.775,0.4,0.35625,10,80,10,3,0.5,5.5,17.69176,-64.6712
4081,2021,1,7.4676,0.325,0.3,0.1075,0,100,0,1,0.5,0.5,17.69199,-64.69275
4087,2021,1,8.382,3.15,2.05,1.25675,12.5,87.5,0,14,15,2,17.69776,-64.70561
4089,2021,1,23.3172,0.55,0.8,0.172,5,95,0,1,5.5,2.5,17.69999,-64.6229
4096,2021,1,10.668,0.55,0.4,0.2325,17.5,80,2.5,3.5,3,3,17.70456,-64.67797
4099,2021,1,14.3256,0.625,0.775,0.20025,10.5,87,2.5,9,3.5,5,17.70694,-64.63877
4101,2021,1,10.9728,0.225,0.1,0.10125,89.5,3,7.5,0,0,0.5,17.70462,-64.67711
4108,2021,1,23.0124,0.475,0.55,0.11875,3.5,96.5,0,0.5,4.5,4,17.72296,-64.57333
4109,2021,1,25.2984,1.25,1.4,0.38125,6,91.5,2.5,9.5,27.5,6,17.72719,-64.54038
4114,2021,1,22.098,0.7,0.75,0.1315,10,57.5,32.5,1,10,4.5,17.73189,-64.54801
4116,2021,1,8.6868,0.9,0.875,0.2075,7.5,92.5,0,1,1.5,1,17.73395,-64.60642
4118,2021,1,21.7932,0.3,0.66,0.125,6.5,93.5,0,1,5.5,4,17.73642,-64.55466
4131,2021,1,13.4112,0.3,1.3,0.1875,1,99,0,1.5,20,2.5,17.74569,-64.56242
4132,2021,1,15.3924,1.5,1.05,0.71025,6,94,0,14,4.5,3.5,17.74405,-64.89849
4133,2021,1,21.6408,0.95,1.05,0.36875,12.5,85,2.5,1.5,4,4,17.74786,-64.5359
4134,2021,1,3.6576,1,0.3,0.3475,12.5,75,12.5,8,0.5,1,17.74819,-64.56971
4146,2021,1,24.8412,0.25,1.2,0.1025,75,7.5,17.5,0.5,8.5,3.5,17.75577,-64.52744
4148,2021,1,17.6784,0.6,1.225,0.1935,27.5,62,10.5,4.5,21.5,5.5,17.75606,-64.51508
4150,2021,1,12.192,1.75,0.4,0.516875,7.5,90,2.5,1.5,1,0.5,17.75655,-64.69871
4151,2021,1,17.8308,1.9,0.25,0.29575,67.5,27.5,5,1,0,4,17.75715,-64.69901
4154,2021,1,4.4196,1.05,0.45,0.4035,45,25,30,2.5,1.5,3,17.75898,-64.59624
4155,2021,1,21.6408,0.425,0.425,0.11825,22.5,66.5,11,1,2.5,3,17.75915,-64.55346
4158,2021,1,18.5928,0.9,0.95,0.29725,0,100,0,6.5,14,3,17.76031,-64.50142
4166,2021,1,9.6012,1.15,0.8,0.2995,26,57.5,16.5,5,1,3.5,17.76122,-64.69684
4168,2021,1,19.6596,2.7,1,1.738,9,88.5,2.5,6,2,2,17.7615,-64.71657
4175,2021,1,9.7536,1.5,0.65,0.4025,12.5,75,12.5,8.5,6.5,2,17.76323,-64.72043
4177,2021,1,5.0292,0.45,0.7,0.175,30,70,0,2,3,3.5,17.76313,-64.67276
4185,2021,1,4.2672,0.9,0.7,0.46525,0,60,40,2.5,5,1,17.76594,-64.62611
4188,2021,1,16.002,1.3,1.05,0.56975,25,70,5,8.5,10,5,17.76711,-64.60118
4191,2021,1,25.4508,0.45,0.55,0.13125,7.5,92.5,0,1.5,3,4.5,17.7683,-64.54434
4195,2021,1,1.524,0.65,0.7,0.11275,0,100,0,11,8.5,3.5,17.76844,-64.66409
4202,2021,1,10.2108,0.575,0.5,0.182,37.5,62.5,0,2.5,1.5,2,17.76892,-64.64246
4205,2021,1,23.4696,0.775,0.8,0.168,55,40,5,0.5,2,1,17.76732,-64.85958
4210,2021,1,20.8788,0.175,0.225,0.1,82.5,7.5,10,0.5,1,1,17.77174,-64.57148
4211,2021,1,25.6032,1.75,0.95,0.5865,42.5,52.5,5,15,9,8.5,17.77241,-64.51028
4214,2021,1,9.2964,0.575,0.825,0.2095,0,100,0,1.5,3,2.5,17.76983,-64.87922
4215,2021,1,24.8412,0.625,0.3,0.1355,6.5,91,2.5,1,1.5,3,17.77287,-64.55974
4216,2021,1,18.7452,0.5,0.65,0.1625,30,62.5,7.5,0.5,5,3.5,17.77344,-64.58165
4217,2021,1,25.146,1.35,1.1,0.57125,10,75,15,6.5,12.5,7.5,17.7743,-64.49321
4221,2021,1,5.0292,0.6,0.775,0.14125,0.5,99.5,0,1.5,9.5,3,17.77386,-64.68325
4224,2021,1,27.1272,0.9,0.85,0.27875,6.5,92,1.5,10,6.5,5.5,17.7756,-64.52574
4232,2021,1,27.8892,0.5,1.15,0.18875,45,47.5,7.5,16.5,5,10,17.77773,-64.52834
4233,2021,1,9.906,1.7,1.325,0.39675,42.5,55,2.5,8,10.5,9,17.77592,-64.81122
4235,2021,1,19.5072,2.65,1.15,1.098125,10,75,15,16,6,4,17.77675,-64.73717
4237,2021,1,19.9644,0.44,0.5,0.16575,3.5,96.5,0,1,2.5,4.5,17.77939,-64.57067
4238,2021,1,25.146,0.925,1.35,0.39375,7.5,90,2.5,11,21.5,4.5,17.78042,-64.48071
4240,2021,1,27.2796,1.4,1.3,0.5225,17.5,80,2.5,10,20,9,17.7794,-64.67128
4241,2021,1,11.2776,0.65,0.95,0.21875,12.5,85,2.5,6,13.5,11,17.78015,-64.57866
4246,2021,1,20.8788,0.75,1.15,0.24875,17.5,52.5,30,5,12.5,7.5,17.78053,-64.66367
4250,2021,1,12.3444,1.45,1.65,0.398125,17.5,42.5,40,4,25,1.5,17.78233,-64.59558
4257,2021,1,10.8204,1.65,1.4,0.511375,10,87.5,2.5,12.5,7.5,2.5,17.78372,-64.61391
4260,2021,1,9.144,1.05,0.75,0.35,1,98.5,0.5,5,6.5,4,17.78329,-64.79276
4265,2021,1,8.8392,1,1,0.2815,2,97.5,0.5,6.5,9,4,17.78435,-64.78966
4267,2021,1,12.8016,0.9,1.4,0.2825,50,37.5,12.5,7,22.5,5,17.7859,-64.59712
4269,2021,1,23.622,4,1.1,1.57375,5,92.5,2.5,9.5,3,6.5,17.78502,-64.7593
4273,2021,1,11.43,1.15,1.1,0.4325,0,100,0,4,4.5,4,17.78675,-64.58526
4278,2021,1,7.9248,0.35,0.1,0.11,0,100,0,1,0.5,4,17.78626,-64.75544
4279,2021,1,8.382,0.525,0.725,0.16375,0,97.5,2.5,1,6.5,2.5,17.78684,-64.74844
4281,2021,1,12.0396,0.95,2.05,0.3235,27.5,52.5,20,5,10,1,17.78821,-64.59661
4286,2021,1,23.622,1.1,1,0.46975,11.5,87.5,1,8.5,19,11.5,17.78752,-64.78012
4289,2021,1,15.6972,0.4,1,0.14625,0,100,0,2.5,9,2,17.78846,-64.74672
4290,2021,1,2.4384,1.2,0.525,0.44,22.5,65,12.5,4.5,5,2.5,17.78927,-64.63029
4292,2021,1,20.1168,0.575,1.375,0.12475,1.5,98.5,0,2.5,11.5,3,17.78867,-64.75616
4293,2021,1,11.1252,0.45,0.95,0.13175,0,97.5,2.5,2.5,11.5,6,17.78879,-64.74941
4298,2021,1,11.43,1.05,1.15,0.29625,0,77.5,22.5,9,9,5,17.79021,-64.58917
4299,2021,1,26.0604,0.9,1.2,0.33,35,62.5,2.5,17.5,10,4,17.79054,-64.49812
4303,2021,1,12.192,0.6,0.85,0.195,0,100,0,2,6,2.5,17.78957,-64.75134
4305,2021,1,11.2776,3,2.1,0.88,10,87.5,2.5,4.5,6.5,2,17.79076,-64.60902
4307,2021,1,10.3632,1.45,1.4,0.356,0,100,0,7,11.5,3,17.79114,-64.58897
4310,2021,1,3.9624,1.5,1.45,0.53325,17.5,75,7.5,16.5,20,0.5,17.79086,-64.63188
4311,2021,1,3.048,2.275,0.55,1.0465625,0,100,0,3,2.5,0,17.79166,-64.62247
4315,2021,1,7.4676,0.625,0.575,0.16375,2.5,90,7.5,2.5,2,0.5,17.79137,-64.5976
4317,2021,1,25.6032,0.775,1.075,0.2875,20.5,74.5,5,22.5,14,5,17.79185,-64.51572
4318,2021,1,19.2024,0.625,1.45,0.3085,16,84,0,6.5,24,5,17.79243,-64.45388
4322,2021,1,28.6512,0.5,1.1,0.15,0.5,99.5,0,1,8.5,2.5,17.79065,-64.75218
4325,2021,1,6.096,3.75,3.45,1.469625,32.5,67.5,0,6.5,18.5,4,17.79161,-64.62224
4326,2021,1,13.716,3.25,1.425,1.078125,13.5,82.5,4,6,15,1.5,17.79171,-64.6065
4329,2021,1,25.146,0.7,0.9,0.205,22.5,70,7.5,10,9,11.5,17.79292,-64.4951
4330,2021,1,28.8036,0.575,1,0.1175,60,15,25,1,8,2,17.79163,-64.74812
4336,2021,1,8.8392,2,1,0.36875,10,90,0,1,1.5,0,17.79313,-64.60565
4339,2021,1,6.4008,3.4,1.15,0.86,5,91.5,3.5,2.5,2,0.5,17.79372,-64.62565
4341,2021,1,23.3172,0.6,0.95,0.185,15,80,5,12,9.5,13.5,17.79445,-64.53352
4342,2021,1,3.3528,2,0.65,0.61125,0,100,0,10,5,1.5,17.7951,-64.63106
4343,2021,1,6.096,2.15,0.875,0.5755,1,96.5,2.5,2.5,5.5,1.5,17.79454,-64.62745
4345,2021,1,12.0396,4.6,1.4,1.07275,13.5,84,2.5,5,6,2.5,17.79536,-64.61784
4346,2021,1,12.0396,2.65,1.9,1.229125,8.5,85,6.5,4,7,2.5,17.79519,-64.60927
4347,2021,1,18.7452,0.4,0.35,0.1075,0,100,0,1,2,1,17.79565,-64.57218
4348,2021,1,21.7932,0.7,1.975,0.2575,17.5,82.5,0,6.5,10,7,17.79647,-64.46379
4353,2021,1,11.7348,3.9,1.85,1.18575,10,90,0,2.5,3.5,1.5,17.79675,-64.61363
4354,2021,1,17.8308,0.3,0.7,0.1125,0,100,0,2,4.5,3.5,17.79705,-64.58217
4355,2021,1,19.05,0.4,0.375,0.11875,0.5,99.5,0,1,1.5,2.5,17.79717,-64.57751
4357,2021,1,12.954,1.75,1.75,0.41975,47.5,47.5,5,6,6,0.5,17.79687,-64.61904
4360,2021,1,7.9248,0.6,0.7,0.19125,2.5,92.5,5,1.5,7.5,1,17.79773,-64.59902
4361,2021,1,21.9456,0.915,1.125,0.27725,22.5,74.5,3,7.5,13,5,17.798,-64.51245
4363,2021,1,5.334,1.6,0.725,0.3955,3,92,5,3,3.5,1.5,17.79767,-64.62855
4366,2021,1,26.3652,0.825,1.025,0.2725,4,94,2,14.5,7,7,17.79965,-64.47679
4369,2021,1,7.1628,1.55,1.05,0.379125,7,73,20,7,7,1,17.79928,-64.61403
4375,2021,1,5.334,1.8,1.75,1.04125,2.5,97.5,0,8.5,15.5,0.5,17.80115,-64.62492
4379,2021,1,26.5176,0.8,1.9,0.202,10,84.5,5.5,22.5,11.5,13.5,17.80236,-64.48253
4380,2021,1,19.5072,0.475,0.875,0.1565,11.5,83.5,5,6,8.5,7,17.80234,-64.45738
4382,2021,1,23.7744,0.95,0.925,0.25575,12.5,77.5,10,6.5,5,4,17.80283,-64.49682
4385,2021,1,28.8036,0.725,1.15,0.345,5.5,94.5,0,12,7,2.5,17.80365,-64.55001
4386,2021,1,22.7076,0.75,0.9,0.2605,40,40,20,2.5,7.5,3,17.8037,-64.63847
4387,2021,1,6.096,0.725,0.725,0.15,1,98.5,0.5,1,5.5,1.5,17.8037,-64.63098
4388,2021,1,23.3172,1.75,1.45,0.320625,25,75,0,4,27.5,3.5,17.80446,-64.60287
4389,2021,1,21.7932,0.725,1.05,0.204,18,79,3,8.5,19,7,17.80592,-64.50377
4390,2021,1,8.8392,0.7,1.1,0.15375,2.5,95,2.5,1,7.5,2,17.8057,-64.62378
4392,2021,1,13.4112,0.75,1.75,0.19875,2.5,92.5,5,1.5,15,7.5,17.80608,-64.6133
4393,2021,1,24.384,1.05,1.15,0.3115,7.5,80,12.5,9.5,20,4,17.80685,-64.4934
4394,2021,1,12.3444,1.15,1.5,0.19475,2.5,97.5,0,3.5,13,2,17.80648,-64.62135
4396,2021,1,24.6888,0.8,1.4,0.24875,40,45,15,4,17.5,7.5,17.80703,-64.61153
4397,2021,1,17.3736,0.55,1.375,0.21075,35,35,30,1.5,14,3,17.80754,-64.52033
4399,2021,1,15.24,0.35,1.35,0.1125,0,100,0,2.5,11,7.5,17.8088,-64.63596
4402,2021,1,24.9936,0.4,1.25,0.125,5,62.5,32.5,3,7,2.5,17.81012,-64.6312
4404,2021,1,21.4884,0.525,1.35,0.144,0,100,0,2,17.5,3,17.81067,-64.63664
4405,2021,1,16.6116,0.85,0.95,0.29625,17.5,65,17.5,3.5,10,3,17.81116,-64.5175
4406,2021,1,28.6512,0.75,1.35,0.1145,4,95,1,1.5,21,4.5,17.81101,-64.6322
4408,2021,1,23.0124,1,0.9,0.247,22.5,65,12.5,5.5,11,2.5,17.81227,-64.49013
4411,2021,1,16.002,0.825,1.3,0.33375,6,91.5,2.5,6,17.5,4.5,17.81488,-64.45996
4415,2021,1,22.5552,0.35,0.15,0.13125,25,22.5,52.5,0.5,0.5,0.5,17.82076,-64.50078
4428,2021,1,22.2504,0.7,2.6,0.261,2.5,97.5,0,6.5,18.5,10.5,17.83331,-64.45361
4429,2021,1,23.9268,0.825,2.05,0.2725,0,100,0,7.5,15,7.5,17.83434,-64.45164
5003,2021,1,28.4988,1.45,0.95,0.670375,2.5,90,7.5,14,1.5,10,18.19912,-64.7334
5005,2021,1,28.194,0.75,0.6,0.30375,5,95,0,6.5,6,7.5,18.21874,-64.68286
5009,2021,1,9.6012,1.4,0.7,0.5575,6,79,15,5,6,5,18.23334,-64.85247
5010,2021,1,24.6888,1.45,0.875,0.4525,10,85,5,4.5,4.5,2,18.23371,-64.85015
5011,2021,1,11.8872,1.375,0.925,0.4140625,6.5,63.5,30,14.5,6,3.5,18.23396,-64.8529
5015,2021,1,27.2796,1,0.35,0.411,20,80,0,20,1,4.5,18.24673,-65.09997
5016,2021,1,27.432,0.8,1.15,0.285,25,72.5,2.5,22.5,3.5,1.5,18.24653,-65.09896
5017,2021,1,29.8704,1.4,0.95,0.533,22.5,75,2.5,29.5,2.5,3,18.24707,-65.08342
5018,2021,1,28.3464,1.35,0.9,0.56125,15,80,5,15.5,2.5,5,18.24923,-65.10087
5019,2021,1,29.1084,1,0.45,0.3025,2.5,97.5,0,22.5,2,5.5,18.24998,-65.10899
5021,2021,1,29.2608,1.1,0.6,1.0725,2,98,0,9,1,3,18.25597,-64.76591
5025,2021,1,26.8224,0.875,0.45,0.28,7.5,92.5,0,15,2.5,5,18.26077,-65.11682
5028,2021,1,24.8412,2,1.35,0.8125,0.5,99,0.5,7.5,2.5,4,18.26805,-64.84979
5029,2021,1,26.5176,1.4,0.9,0.49975,15.5,84.5,0,2,2,2,18.26852,-64.84754
5030,2021,1,26.9748,1.5,0.775,0.87275,5,95,0,10,3.5,2,18.26943,-64.7251
5035,2021,1,28.0416,1.6,0.7,0.46375,5,95,0,4,1,3,18.27073,-64.84306
5037,2021,1,27.5844,1,0.95,0.46875,10,87.5,2.5,8.5,2,5,18.27141,-65.14576
5044,2021,1,28.6512,0.625,0.55,0.16975,11.5,87.5,1,1.5,0.5,3.5,18.27729,-64.96736
5046,2021,1,26.67,0.65,0.65,0.25075,2.5,97.5,0,5,1,3,18.27618,-65.12525
5048,2021,1,26.2128,0.85,1.1,0.35625,10,87.5,2.5,9.5,1.5,4,18.27641,-65.14804
5051,2021,1,26.67,1.65,0.5,0.39625,5,90,5,2.5,14.5,4,18.28188,-64.70099
5053,2021,1,27.5844,1,0.3,0.14375,85,14.5,0.5,1,0,5.5,18.28197,-64.84281
5056,2021,1,26.0604,0.7,0.6,0.29125,32.5,67.5,0,3,0,5,18.28245,-64.84097
5057,2021,1,23.1648,0.65,1.1,0.2825,10,90,0,3.5,7.5,7.5,18.28324,-64.81774
5060,2021,1,28.4988,0.6,0.5,0.14725,15,40,45,2.5,1,4,18.28192,-65.10315
5069,2021,1,24.2316,0.9,0.75,0.32875,1,98.5,0.5,8,1.5,3.5,18.28735,-65.12536
5072,2021,1,20.7264,0.425,0.55,0.14375,1,99,0,1,1.5,3.5,18.29127,-64.80026
5074,2021,1,28.194,1.175,0.775,0.4959375,5,82.5,12.5,1,2.5,7.5,18.29334,-64.79563
5077,2021,1,25.2984,0.75,0.85,0.32975,1.5,98.5,0,4,0.5,2,18.29186,-65.14711
5079,2021,1,24.2316,0.75,0.6,0.305,5,95,0,9,3,3,18.29271,-65.11184
5086,2021,1,17.526,1.15,1.4,0.22525,21,79,0,3,10,5.5,18.2966,-64.88498
5088,2021,1,10.5156,2.4,0.625,0.8925,1.5,55,43.5,6,4.5,4,18.29751,-64.82381
5089,2021,1,26.5176,0.45,0.525,0.15,7.5,82.5,10,1,0.5,5,18.29867,-64.6916
5090,2021,1,26.5176,0.5,0.3,0.225,5,95,0,10,5,5,18.29491,-65.10572
5095,2021,1,17.3736,1.2,0.75,0.4935,25,75,0,9,2,5.5,18.2989,-64.83264
5100,2021,1,9.7536,0.335,1.15,0.1125,47.5,52.5,0,0.5,10,14,18.29985,-64.81811
5102,2021,1,29.1084,0.3,0.35,0.115,65,7.5,27.5,0.5,0.5,2.5,18.30093,-64.69695
5103,2021,1,7.1628,0.675,0.6,0.38025,10,90,0,3,15,30,18.30062,-64.81971
5104,2021,1,21.336,0.75,0.65,0.204,2.5,97.5,0,2,1.5,4,18.30046,-64.79348
5107,2021,1,26.2128,0.95,1,0.47,0,100,0,12,7.5,2.5,18.30084,-64.74703
5113,2021,1,11.1252,0.25,1.2,0.1025,92.5,7.5,0,0.5,5,29.5,18.30119,-64.8192
5116,2021,1,25.4508,0.79,0.9,0.3935,7.5,92.5,0,8.5,0.5,6,18.30089,-64.99556
5118,2021,1,6.858,0.6,0.175,0.19375,5,95,0,2,0.5,1.5,18.30235,-64.87973
5121,2021,1,13.5636,1.4,1.05,0.7375,9,91,0,7.5,8.5,2.5,18.30357,-64.71097
5123,2021,1,23.7744,0.7,1,0.197,2.5,97.5,0,3.5,10,5,18.30352,-64.78548
5124,2021,1,6.7056,2.1,0.4,0.70875,10,90,0,1.5,6.5,1.5,18.30228,-64.87591
5128,2021,1,25.2984,0.75,1.35,0.2055,4.5,95.5,0,6,4,2.5,18.30145,-65.12764
5130,2021,1,16.764,0.45,0.5,0.12875,75,12.5,12.5,0.5,0,7,18.30555,-64.71277
5137,2021,1,24.2316,2.3,1,1.152,12.5,85,2.5,14,11.5,5,18.30673,-64.73935
5140,2021,1,12.4968,1.2,0.85,0.15875,78.5,15,6.5,0.5,2,4,18.30724,-64.71382
5147,2021,1,26.3652,0.5,1,0.18,6.5,93,0.5,1.5,2.5,3,18.30522,-65.03571
5148,2021,1,24.6888,2.15,0.75,0.822,5,70,25,2,2,5,18.30534,-65.03511
5149,2021,1,2.286,1.75,0.45,0.33275,55,32.5,12.5,2,0,2.5,18.30869,-64.70767
5152,2021,1,23.4696,0.475,0.25,0.13025,45,55,0,5.5,3,3,18.30638,-64.97615
5154,2021,1,3.5052,0.625,0.175,0.24875,1,91.5,7.5,0.5,0.5,5.5,18.30902,-64.71287
5157,2021,1,21.7932,2.8,0.7,1.25775,12.5,85,2.5,13,8.5,4,18.30934,-64.73617
5162,2021,1,13.8684,1.2,0.45,0.3715,32.5,67.5,0,2.5,1,2,18.30846,-64.85632
5163,2021,1,23.4696,0.65,1.05,0.2975,0,100,0,5.5,6.5,1,18.30622,-65.14848
5164,2021,1,14.6304,0.725,0.4,0.205,25,62.5,12.5,2.5,1,2.5,18.30905,-64.85714
5166,2021,1,8.0772,1.425,0.625,0.342125,50,50,0,2,3.5,4,18.31026,-64.72176
5167,2021,1,26.5176,0.95,1.15,0.306,0,100,0,5,2.5,2,18.30666,-65.12876
5168,2021,1,12.8016,0.675,0.5,0.2725,44,56,0,6.5,3.5,3,18.30948,-64.86041
5172,2021,1,28.3464,0.45,0.35,0.20625,2.5,97.5,0,1,0.5,4,18.3116,-64.80675
5177,2021,1,8.9916,1.05,0.45,0.5295,5,95,0,3,1,6.5,18.31222,-64.8543
5180,2021,1,9.7536,1.2,0.5,0.4695,22.5,77.5,0,9.5,3,5,18.31327,-64.84202
5181,2021,1,6.7056,2.05,0.4,0.79125,8.5,91.5,0,7,5,1.5,18.31398,-64.76448
5184,2021,1,23.7744,0.5,1.15,0.1175,12.5,87.5,0,6.5,5,4.5,18.31119,-65.14374
5185,2021,1,3.5052,0.6,0.45,0.1975,0,100,0,1,2,1,18.31432,-64.82535
5188,2021,1,24.384,0.7,1.25,0.17625,2.5,97.5,0,7,6.5,4.5,18.31305,-65.14207
5189,2021,1,27.2796,1.05,1.35,0.27525,15,70,15,7.5,4,5,18.31289,-65.13431
5190,2021,1,7.62,0.725,0.5,0.2125,72.5,27.5,0,4.5,0.5,14,18.31604,-64.83124
5194,2021,1,12.4968,1.2,1.2,0.365,27.5,72.5,0,5.5,3,5.5,18.31642,-64.94325
5197,2021,1,22.2504,0.4,0.45,0.13375,77.5,22.5,0,1.5,0,16.5,18.31796,-64.99211
5211,2021,1,5.0292,1.1,0.65,0.3775,15,65,20,6.5,2,13,18.32895,-64.64971
5212,2021,1,10.2108,2.1,1.15,0.82575,0,100,0,2,11,6,18.32683,-64.97369
5215,2021,1,9.906,0.925,1.275,0.30875,6,94,0,1.5,21.5,5.5,18.33043,-64.80956
5218,2021,1,5.7912,2.125,0.95,0.6565,3.5,96,0.5,1.5,4,3.5,18.33136,-64.80915
5230,2021,1,28.3464,0.45,0.65,0.11625,76,4,20,0,0,1,18.33294,-65.0796
5235,2021,1,20.8788,0.6,0.4,0.1045,75,3.5,21.5,1,0.5,2.5,18.337,-64.69427
5237,2021,1,13.5636,1.5,0.75,0.47375,15,70,15,1,0.5,1.5,18.33774,-64.69195
5240,2021,1,10.668,0.75,0.65,0.35,5,82.5,12.5,2,1.5,9,18.33803,-64.689
5241,2021,1,12.6492,2.45,1.4,0.848625,15,75,10,4.5,10.5,2.5,18.33812,-64.68769
5242,2021,1,4.2672,1.5,0.825,0.535,0,95,5,3.5,7,4,18.33679,-64.8445
5250,2021,1,5.7912,1.45,0.35,0.274625,62.5,32.5,5,5.5,3.5,1.5,18.3399,-64.70602
5263,2021,1,24.2316,0.15,0.225,0.10125,97.5,2.5,0,0.5,0,5,18.33953,-65.02034
5266,2021,1,22.4028,0.25,0.6,0.125,40,10,50,0.5,1.5,1.5,18.34212,-64.82929
5268,2021,1,7.1628,1.1,0.925,0.38125,35,60,5,3.5,20,16.5,18.34354,-64.66013
5272,2021,1,4.8768,2.875,1.1,1.1540625,5,90,5,7,9,2.5,18.34397,-64.68391
5274,2021,1,5.0292,1.35,1.5,0.4265,32.5,40,27.5,3.5,25,7,18.34522,-64.66221
5275,2021,1,14.6304,0.625,0.8,0.2275,7.5,48.5,44,6,1.5,6,18.34305,-64.98288
5277,2021,1,6.2484,1.75,0.5,0.709375,0,100,0,3.5,2.5,1,18.3433,-65.01361
5285,2021,1,3.2004,0.35,0.3,0.11375,10,63.5,26.5,1,1,2.5,18.3456,-64.86221
5289,2021,1,10.9728,0.5,0.55,0.285,25,73.5,1.5,12.5,2.5,8,18.34554,-64.9876
5291,2021,1,25.146,0.1,0.1,0.1,0,3,97,0,0,0.5,18.34583,-65.05309
5299,2021,1,11.2776,3.1,0.45,1.087,17.5,77.5,5,9,4.5,4.5,18.35034,-64.69625
5300,2021,1,3.5052,1.55,0.4,0.421875,42.5,50,7.5,0.5,0.5,7.5,18.35026,-64.69076
5304,2021,1,10.9728,1.15,1.625,0.45925,9,86,5,7.5,14,9.5,18.35104,-64.67034
5308,2021,1,26.8224,0.35,0.45,0.1375,80,5,15,0,0,1,18.35246,-64.66446
5310,2021,1,5.4864,3,0.55,0.5785,42.5,40,17.5,1,1.5,2,18.35169,-64.77905
5316,2021,1,23.7744,1.15,1.3,0.305625,55,35,10,2.5,2,3,18.35385,-64.65512
5317,2021,1,27.1272,0.3,0.755,0.1625,35,23.5,41.5,0.5,5,5.5,18.35337,-64.8068
5320,2021,1,16.764,0.975,1.05,0.32125,55,45,0,1.5,21,4,18.35311,-64.83122
5323,2021,1,16.6116,0.525,1.25,0.11025,7.5,92.5,0,3,13.5,11.5,18.35394,-64.84811
5331,2021,1,6.4008,2.05,0.8,0.675625,1,95,4,4.5,8,3.5,18.35652,-64.79693
5332,2021,1,13.5636,0.525,1.05,0.135,7.5,90,2.5,1,50,4,18.35654,-64.79149
5333,2021,1,4.4196,1.15,0.625,0.491875,0,100,0,3,4.5,4,18.35709,-64.76677
5336,2021,1,4.7244,1.2,0.5,0.35725,5,90,5,1,7.5,1.5,18.35641,-64.83812
5339,2021,1,15.0876,0.8,0.725,0.3325,37.5,62.5,0,4,3,4.5,18.35728,-64.76971
5343,2021,1,15.5448,1.45,0.85,0.372,47.5,42.5,10,3.5,25,20,18.3572,-64.81029
5346,2021,1,12.6492,1,0.95,0.32125,10,77.5,12.5,2,9,3.5,18.35827,-64.77403
5349,2021,1,24.5364,2,1.3,0.77025,11.5,87.5,1,10.5,9,13.5,18.35871,-64.83905
5356,2021,1,2.286,0.85,0.1,0.2375,1,55,44,1,0.5,0,18.36067,-64.77364
5358,2021,1,22.2504,5.5,0.4,0.9875,45,50,5,7,3.5,2.5,18.36186,-64.7641
5359,2021,1,19.2024,0.625,0.95,0.3225,8.5,86.5,5,3.5,17,4.5,18.36226,-64.78327
5361,2021,1,10.668,1.85,0.25,0.3975,3,97,0,2,1,1,18.36043,-65.0289
5362,2021,1,5.0292,0.55,0.2,0.12075,92.5,7.5,0,1,0.5,6.5,18.36168,-64.92722
5363,2021,1,2.4384,0.75,0.75,0.2275,30,52.5,17.5,2.5,1.5,3,18.36361,-64.72526
5366,2021,1,9.6012,1.475,0.6,0.36625,0,62.5,37.5,1,2,3,18.3627,-64.89124
5372,2021,1,22.4028,0.4,0.6,0.1375,7.5,65,27.5,1.5,2,3.5,18.36319,-64.88388
5373,2021,1,22.86,3.125,1.1,0.831375,22.5,72.5,5,6.5,15.5,9.5,18.36537,-64.66184
5374,2021,1,6.4008,0.475,1.3,0.14375,0,100,0,1,22.5,1,18.36417,-64.80757
5377,2021,1,18.5928,2.75,0.775,1.316125,0,100,0,6,3,2,18.36443,-64.77156
5380,2021,1,14.9352,1,0.675,0.42,5,92.5,2.5,3.5,1,3,18.36558,-64.75936
5381,2021,1,8.8392,0.8,1.1,0.136,82.5,15,2.5,3,9,20,18.36601,-64.70827
5383,2021,1,1.0668,0.275,0.2,0.16375,25,5.5,69.5,0.5,0.5,0.5,18.36659,-64.7342
5393,2021,1,9.7536,0.8,0.8,0.24,0,100,0,1.5,7,1.5,18.36676,-64.99583
5397,2021,1,18.1356,0.85,0.95,0.19,0,100,0,2,1,0.5,18.36705,-65.01901
5398,2021,1,11.5824,0.5,0.9,0.14375,0,100,0,2,5.5,0.5,18.36716,-65.00763
5399,2021,1,7.1628,0.25,0.75,0.1625,11,79,10,0.5,0.5,1,18.36972,-64.75312
5400,2021,1,24.5364,0.55,1.25,0.42625,0,100,0,6,4.5,4.5,18.36694,-65.04427
5402,2021,1,23.4696,4.8,1.6,1.228,32.5,52.5,15,1.5,25,13,18.37127,-64.68397
5403,2021,1,19.6596,0.8,1.1,0.285,0,100,0,7,10.5,6,18.36829,-65.02049
5405,2021,1,17.8308,0.5,0.5,0.18875,70,30,0,1,3,14,18.37125,-64.72918
5408,2021,1,27.5844,0.2,0.25,0.1,2,50,48,0,0,1,18.36847,-65.04578
5414,2021,1,20.1168,1.6,1,0.87725,2.5,97.5,0,3.5,1.5,3.5,18.36985,-65.00261
5416,2021,1,3.048,1.65,0.2,0.354375,5,70,25,0,0.5,0,18.37082,-64.95241
5419,2021,1,6.858,0.95,0.5,0.325,10,82.5,7.5,1,1.5,1.5,18.37323,-64.74705
5420,2021,1,5.7912,0.625,0.6,0.20375,50,47.5,2.5,1,2,3,18.373,-64.74276
5423,2021,1,19.3548,0.65,1.3,0.2105,32.5,52.5,15,1.5,16.5,4.5,18.37378,-64.73814
5427,2021,1,3.9624,1.75,0.2,0.774375,0,100,0,1,0.5,0.5,18.37328,-64.98411
5428,2021,1,22.5552,0.45,0.65,0.1475,20,72.5,7.5,1.5,40,10.5,18.3746,-64.73513
5431,2021,1,9.4488,2.25,1,0.6425,10,90,0,5,3,2,18.37275,-64.98874
5432,2021,1,6.096,0.75,0.6,0.15875,0,100,0,1,3,2.5,18.37306,-64.95727
5435,2021,1,22.7076,0.45,0.6,0.1375,10,85,5,3,6,3,18.3769,-64.74382
5437,2021,1,17.6784,1.1,0.9,0.225,5,92.5,2.5,3,2.5,1.5,18.37643,-64.98688
5438,2021,1,28.956,0.2,0.9,0.1,20.5,79.5,0,0,15,8,18.37654,-65.05313
5443,2021,1,7.1628,2.25,1.05,1.0925,0,97.5,2.5,2.5,20,10,18.38425,-64.9015
5444,2021,1,8.8392,1.75,0.7,0.419,12.5,87.5,0,0,4.5,1.5,18.38468,-64.96439
5449,2021,1,21.0312,0.5,0.65,0.1415,0,100,0,1,17.5,3.5,18.38698,-64.96364
5450,2021,1,28.194,0.765,0.675,0.31225,15,83.5,1.5,3,4,7.5,18.38784,-64.91359
5451,2021,1,2.7432,1.15,0.6,0.3105,30,70,0,2,1,1.5,18.38804,-64.90324
5457,2021,1,14.0208,0.4,0.6,0.125,20,80,0,0.5,4,3,18.38973,-64.96825
5459,2021,1,8.0772,0.3,1.2,0.11875,0,100,0,2,30,4,18.39087,-64.8982
5461,2021,1,21.1836,0.3,1.5,0.1125,0,100,0,3,35,3,18.39104,-64.93719
5464,2021,1,12.0396,5.4,0.25,1.14875,0,100,0,2,1,2,18.39821,-64.9748
5465,2021,1,8.382,0.55,0.6,0.3025,0,100,0,1,9.5,2,18.39838,-64.91431
5466,2021,1,21.4884,0.625,0.75,0.3725,0,100,0,3.5,3,5.5,18.39961,-64.97691
5467,2021,1,9.4488,0.85,0.85,0.265,1,99,0,2.5,9.5,3.5,18.401,-64.91586
5468,2021,1,3.5052,0.3,0.3,0.125,2.5,97.5,0,1.5,10,2.5,18.40222,-64.90153
5469,2021,1,23.4696,0.4,1.6,0.10875,40,60,0,1.5,5.5,5.5,18.40083,-65.05704
5470,2021,1,25.7556,0.45,1.2,0.115,0,100,0,1.5,6.5,2.5,18.40139,-65.05473
5471,2021,1,22.098,0.375,1,0.11375,1,99,0,1,1.5,1.5,18.40313,-64.93157
5473,2021,1,29.1084,0.535,0.875,0.1605,1,97.5,1.5,3.5,1.5,3,18.40335,-64.9509
5474,2021,1,17.8308,3.5,0.4,1.50425,0,100,0,0,0,0.5,18.40468,-65.04916
5475,2021,1,11.2776,0.45,0.5,0.1875,1,99,0,1,3.5,6.5,18.37483,-64.95817
